{"(2;2)": 0.01442942218342433, "(3;2)": 0.030655874883723132, "(4;2)": 0.08154460277505547, "(5;2)": 0.07771489035873744, "(6;2)": 0.07654167146235556, "(7;2)": 0.07791039727751539, "(8;2)": 0.07638923771174042, "(9;2)": 0.07183511111712988, "(10;2)": 0.0633448249333194, "(11;2)": 0.0657159079433107, "(12;2)": 0.0695178614697431, "(13;2)": 0.06544748424997542, "(14;2)": 0.06259436598618466, "(15;2)": 0.06467277531384173, "(16;2)": 0.058590580814927025, "(17;2)": 0.057771154918305874, "(18;2)": 0.05787588729965135, "(19;2)": 0.05620739442531603, "(20;2)": 0.05490537777699234, "(21;2)": 0.05331869211475472, "(22;2)": 0.05042419362948936, "(23;2)": 0.05123779169842477, "(24;2)": 0.04788466200248572, "(25;2)": 0.0470646449163943, "(26;2)": 0.048494606706920226, "(27;2)": 0.046309788719256895, "(28;2)": 0.04365906581172852, "(29;2)": 0.04487457120417647, "(30;2)": 0.044876666183755715, "(2;3)": 0.003664576641891655, "(3;3)": 0.0060187636821182645, "(4;3)": 0.0076416902014518106, "(5;3)": 0.006685035676085371, "(6;3)": 0.005963587463436452, "(7;3)": 0.006954466675330963, "(8;3)": 0.006613202754621143, "(9;3)": 0.007087055423269023, "(10;3)": 0.0067166696156147265, "(11;3)": 0.006720582021410292, "(12;3)": 0.006550377206380676, "(13;3)": 0.0064710193346242135, "(14;3)": 0.006301751518354225, "(15;3)": 0.00645616448385451, "(16;3)": 0.006404499205669735, "(17;3)": 0.006552259689483769, "(18;3)": 0.006174551978977667, "(19;3)": 0.006326890941354897, "(20;3)": 0.006153839220263537, "(21;3)": 0.006216279929559113, "(22;3)": 0.0063806171535526306, "(23;3)": 0.006148115673296206, "(24;3)": 0.00623755773960226, "(25;3)": 0.00599053458445176, "(26;3)": 0.006528235520667161, "(27;3)": 0.006421217399432043, "(28;3)": 0.006047394670842037, "(29;3)": 0.006289940409677959, "(30;3)": 0.006298760393372058, "(2;4)": 0.011331323342414441, "(3;4)": 0.010402302555039131, "(4;4)": 0.009815539300595512, "(5;4)": 0.01000150661003248, "(6;4)": 0.010346315915127854, "(7;4)": 0.010677468508568561, "(8;4)": 0.010427598497593468, "(9;4)": 0.010142546763887112, "(10;4)": 0.010054361256257954, "(11;4)": 0.009404784172356101, "(12;4)": 0.008847979859103211, "(13;4)": 0.008625096235703452, "(14;4)": 0.008629744326142713, "(15;4)": 0.008294677149275962, "(16;4)": 0.008139903328542341, "(17;4)": 0.008334487048635743, "(18;4)": 0.008238757759580027, "(19;4)": 0.008416518600009047, "(20;4)": 0.008205043627701848, "(21;4)": 0.008302621125717644, "(22;4)": 0.00799923115023721, "(23;4)": 0.007969795202105435, "(24;4)": 0.008024234385959618, "(25;4)": 0.00785024811386264, "(26;4)": 0.007794586993513601, "(27;4)": 0.0076533469007633815, "(28;4)": 0.007731063449689679, "(29;4)": 0.007700223747444528, "(30;4)": 0.007477564617090152, "(2;5)": 0.023828414008128906, "(3;5)": 0.01572710693284849, "(4;5)": 0.014893803265833875, "(5;5)": 0.014388431205942416, "(6;5)": 0.012771186534502977, "(7;5)": 0.01192659733575216, "(8;5)": 0.010669393267796933, "(9;5)": 0.010075107951335462, "(10;5)": 0.010271888748903286, "(11;5)": 0.009998275968742476, "(12;5)": 0.009527719538979417, "(13;5)": 0.009138168064264079, "(14;5)": 0.00901981407656411, "(15;5)": 0.008778953609698032, "(16;5)": 0.008458553280535538, "(17;5)": 0.008701959075194525, "(18;5)": 0.008307311422954038, "(19;5)": 0.008259643614069072, "(20;5)": 0.008218060140510885, "(21;5)": 0.00804688649036943, "(22;5)": 0.008075399081204285, "(23;5)": 0.007804217795789234, "(24;5)": 0.00759795920763839, "(25;5)": 0.0076139535536603135, "(26;5)": 0.007619984076500332, "(27;5)": 0.007395705698587132, "(28;5)": 0.0075345588146426, "(29;5)": 0.007503876511562138, "(30;5)": 0.007230915810687651, "(2;6)": 0.0125007126524855, "(3;6)": 0.00884413261904104, "(4;6)": 0.008250170398640875, "(5;6)": 0.007894973577286324, "(6;6)": 0.007551784731915213, "(7;6)": 0.006790263879608365, "(8;6)": 0.006624045775203311, "(9;6)": 0.006332510834783346, "(10;6)": 0.006366517734143564, "(11;6)": 0.006063372922130914, "(12;6)": 0.00603216348235646, "(13;6)": 0.006102990725071562, "(14;6)": 0.005870994094148818, "(15;6)": 0.005878516568598216, "(16;6)": 0.00577939968783972, "(17;6)": 0.005754926828597181, "(18;6)": 0.0057301970569016685, "(19;6)": 0.005727707069387955, "(20;6)": 0.005627830903747141, "(21;6)": 0.005569257702946633, "(22;6)": 0.005473464377671202, "(23;6)": 0.005611814494437574, "(24;6)": 0.005414216868479906, "(25;6)": 0.005470564293075386, "(26;6)": 0.005417158313451463, "(27;6)": 0.005242447312370321, "(28;6)": 0.005378121553970539, "(29;6)": 0.005375293839264189, "(30;6)": 0.005459945531050616, "Better coclustering": "(4;2)"}