{"(2;2)": 1.4089661243183977, "(3;2)": 0.9305666799506582, "(4;2)": 0.8321938981356497, "(5;2)": 0.7503497809143245, "(6;2)": 0.671695569113615, "(7;2)": 0.6000241562891839, "(8;2)": 0.5425101147878149, "(9;2)": 0.49311712881647174, "(10;2)": 0.4525388123103312, "(11;2)": 0.4182235783074517, "(12;2)": 0.3912253449880582, "(13;2)": 0.36581639259066545, "(14;2)": 0.34413244104064994, "(15;2)": 0.3291713093903691, "(16;2)": 0.3171488022264269, "(17;2)": 0.30298751930622614, "(18;2)": 0.28806819385696214, "(19;2)": 0.2770968603300939, "(20;2)": 0.2629866635501049, "(21;2)": 0.25518705737598657, "(22;2)": 0.24240226083937547, "(23;2)": 0.23763949206250087, "(24;2)": 0.23494422794031744, "(25;2)": 0.22756986882060942, "(26;2)": 0.21499858062294738, "(27;2)": 0.20985844140478355, "(28;2)": 0.2043065462022074, "(29;2)": 0.19971382099389523, "(30;2)": 0.19356569949579389, "(2;3)": 0.5200685947191866, "(3;3)": 0.39047445956245336, "(4;3)": 0.3219109857431784, "(5;3)": 0.31511307321742776, "(6;3)": 0.28615970539073937, "(7;3)": 0.2784911725369167, "(8;3)": 0.25920787200546147, "(9;3)": 0.2398385053871518, "(10;3)": 0.21877552296529246, "(11;3)": 0.20264817726428427, "(12;3)": 0.18835243223066359, "(13;3)": 0.175390709011011, "(14;3)": 0.16609255365608253, "(15;3)": 0.15505552248996243, "(16;3)": 0.14813840615145685, "(17;3)": 0.14002495162921824, "(18;3)": 0.13340097516710875, "(19;3)": 0.12832271201598966, "(20;3)": 0.12288444721197327, "(21;3)": 0.1174884250986786, "(22;3)": 0.11311761624010734, "(23;3)": 0.10994760983935661, "(24;3)": 0.1056718627793342, "(25;3)": 0.10284075455337123, "(26;3)": 0.09971251154407029, "(27;3)": 0.0973470810522028, "(28;3)": 0.09345862249116063, "(29;3)": 0.09098282241038345, "(30;3)": 0.0894334692904887, "(2;4)": 0.3156932695197531, "(3;4)": 0.24096442553832118, "(4;4)": 0.21259791306344625, "(5;4)": 0.19268202059373082, "(6;4)": 0.17596914904358507, "(7;4)": 0.16641091263593552, "(8;4)": 0.15654965907220555, "(9;4)": 0.14874549337244236, "(10;4)": 0.13752986641595172, "(11;4)": 0.12787906689936498, "(12;4)": 0.11836759092092586, "(13;4)": 0.11186661010806906, "(14;4)": 0.10547348350867376, "(15;4)": 0.10037765500979372, "(16;4)": 0.09458874855582831, "(17;4)": 0.09073202036331551, "(18;4)": 0.08680857312457897, "(19;4)": 0.08338203363480085, "(20;4)": 0.07950918995384021, "(21;4)": 0.0772429390905029, "(22;4)": 0.07426510419428113, "(23;4)": 0.0717046469643338, "(24;4)": 0.06961892733515179, "(25;4)": 0.06793286951817279, "(26;4)": 0.06588010399825196, "(27;4)": 0.06391212556922686, "(28;4)": 0.062368929367265395, "(29;4)": 0.06075677345021331, "(30;4)": 0.05941978114815759, "(2;5)": 0.16802677926743362, "(3;5)": 0.15139725528236397, "(4;5)": 0.12575721917566243, "(5;5)": 0.110650964472645, "(6;5)": 0.10129410825527035, "(7;5)": 0.09439741690080283, "(8;5)": 0.08863751883009349, "(9;5)": 0.08266706878106411, "(10;5)": 0.07783613413441985, "(11;5)": 0.07374027842996402, "(12;5)": 0.07111773502787497, "(13;5)": 0.06647522775645652, "(14;5)": 0.06386416276250181, "(15;5)": 0.0613268503087219, "(16;5)": 0.05844515134424759, "(17;5)": 0.05605699108604425, "(18;5)": 0.054370882063751395, "(19;5)": 0.052494891144139126, "(20;5)": 0.050402191744488886, "(21;5)": 0.04933587647177174, "(22;5)": 0.048086266692593235, "(23;5)": 0.046560359181501254, "(24;5)": 0.04559830820560127, "(25;5)": 0.04446833063996011, "(26;5)": 0.04364231733281577, "(27;5)": 0.04241330885202249, "(28;5)": 0.041613061990258125, "(29;5)": 0.04081011037797643, "(30;5)": 0.03992101611155807, "(2;6)": 0.11523036335240235, "(3;6)": 0.09692207715573528, "(4;6)": 0.08431320089456995, "(5;6)": 0.08145460443604945, "(6;6)": 0.07521579510944415, "(7;6)": 0.06867912007813796, "(8;6)": 0.06399666933124082, "(9;6)": 0.059845069164555204, "(10;6)": 0.05631800070275465, "(11;6)": 0.053153657960884115, "(12;6)": 0.05050381595247095, "(13;6)": 0.04864511413035322, "(14;6)": 0.047227296046075756, "(15;6)": 0.04573999665761449, "(16;6)": 0.043943900724175665, "(17;6)": 0.04218665213544884, "(18;6)": 0.04078758516204064, "(19;6)": 0.03952615724825659, "(20;6)": 0.038474394700408726, "(21;6)": 0.037599351767229915, "(22;6)": 0.03669050483446176, "(23;6)": 0.03598200006873245, "(24;6)": 0.03523469704957874, "(25;6)": 0.034569973305837595, "(26;6)": 0.03395608736213072, "(27;6)": 0.03324082234347626, "(28;6)": 0.03289411868648378, "(29;6)": 0.03243004312308753, "(30;6)": 0.03188508136871316, "Better coclustering": "(2;2)"}