{"(2;2)": 0.7819272920201331, "(3;2)": 0.6213205714934619, "(4;2)": 0.5151127464214722, "(5;2)": 0.49628348688078033, "(6;2)": 0.45347641402254996, "(7;2)": 0.42949156053212295, "(8;2)": 0.39627604581219256, "(9;2)": 0.3662102068028711, "(10;2)": 0.3411656686109396, "(11;2)": 0.3222297857692299, "(12;2)": 0.30613874902282695, "(13;2)": 0.28898368602986085, "(14;2)": 0.27518569577124424, "(15;2)": 0.2623475840512195, "(16;2)": 0.250210770663373, "(17;2)": 0.23715502161100546, "(18;2)": 0.22853898133856967, "(19;2)": 0.21856922401517392, "(20;2)": 0.20836996353589438, "(21;2)": 0.20034287571451412, "(22;2)": 0.19283053889347823, "(23;2)": 0.1869897861579446, "(24;2)": 0.18000408426175407, "(25;2)": 0.17434527990039175, "(26;2)": 0.1680066740459467, "(27;2)": 0.1630933045176705, "(28;2)": 0.15839450590179785, "(29;2)": 0.15287483761926315, "(30;2)": 0.14958844268879554, "(2;3)": 0.2945197576919391, "(3;3)": 0.18844175123755932, "(4;3)": 0.18333266210888569, "(5;3)": 0.1648977766886959, "(6;3)": 0.1544437578704422, "(7;3)": 0.14350067555055773, "(8;3)": 0.13292447404426877, "(9;3)": 0.12298663049650568, "(10;3)": 0.1154844212548014, "(11;3)": 0.10774470569895357, "(12;3)": 0.10153301267248677, "(13;3)": 0.0952545754797563, "(14;3)": 0.08933825653067762, "(15;3)": 0.08508574768062119, "(16;3)": 0.08107060273076895, "(17;3)": 0.07696408060330422, "(18;3)": 0.0736117343097528, "(19;3)": 0.0707677932826276, "(20;3)": 0.0679395246611907, "(21;3)": 0.06521686506971945, "(22;3)": 0.0629049845987445, "(23;3)": 0.06113415430686475, "(24;3)": 0.058850626839107655, "(25;3)": 0.05698012997026254, "(26;3)": 0.05527211888339787, "(27;3)": 0.05375359316844963, "(28;3)": 0.05212201586013833, "(29;3)": 0.050825877657736045, "(30;3)": 0.050028317860245836, "(2;4)": 0.13927090126426594, "(3;4)": 0.09841496535124199, "(4;4)": 0.09135584980428205, "(5;4)": 0.08416935448718349, "(6;4)": 0.07679983098189579, "(7;4)": 0.07119013406020139, "(8;4)": 0.06650703432698696, "(9;4)": 0.06206970160189762, "(10;4)": 0.059190534857858565, "(11;4)": 0.05617310205928347, "(12;4)": 0.053049674858047235, "(13;4)": 0.05019304010889161, "(14;4)": 0.04761430152418701, "(15;4)": 0.04547996762470159, "(16;4)": 0.04344274636365144, "(17;4)": 0.04168123767703761, "(18;4)": 0.040588078592001975, "(19;4)": 0.03905982688469027, "(20;4)": 0.03758927458946474, "(21;4)": 0.03664961867496392, "(22;4)": 0.035629688967588745, "(23;4)": 0.03489549932656394, "(24;4)": 0.034045339186359345, "(25;4)": 0.03247699315638761, "(26;4)": 0.031287474745479146, "(27;4)": 0.031623830150094824, "(28;4)": 0.030483850044917417, "(29;4)": 0.029513320428880403, "(30;4)": 0.029403413194470256, "(2;5)": 0.09829746780284307, "(3;5)": 0.07960627260749974, "(4;5)": 0.0703277002692521, "(5;5)": 0.06230624674844811, "(6;5)": 0.056883663453099816, "(7;5)": 0.052406834693303775, "(8;5)": 0.04911665176046248, "(9;5)": 0.046310157505214354, "(10;5)": 0.04328249086713758, "(11;5)": 0.041392442539200255, "(12;5)": 0.039479675333499824, "(13;5)": 0.03785907569478798, "(14;5)": 0.0362434657113497, "(15;5)": 0.03486670737235232, "(16;5)": 0.033689915506014204, "(17;5)": 0.032604278214632076, "(18;5)": 0.03127771393911993, "(19;5)": 0.030615303730091907, "(20;5)": 0.029590236284879546, "(21;5)": 0.0282556682940704, "(22;5)": 0.02774549666330498, "(23;5)": 0.026905803332334964, "(24;5)": 0.026247007298989326, "(25;5)": 0.024464413731394383, "(26;5)": 0.02384361456310215, "(27;5)": 0.023375688449001595, "(28;5)": 0.022900182801969843, "(29;5)": 0.022168772122700083, "(30;5)": 0.02303103188384483, "(2;6)": 0.06885363339873303, "(3;6)": 0.05769358397529608, "(4;6)": 0.046939657192947036, "(5;6)": 0.04420979142878359, "(6;6)": 0.040849154392090636, "(7;6)": 0.03781788374199395, "(8;6)": 0.035178124898361474, "(9;6)": 0.03343145882032788, "(10;6)": 0.0316450074453351, "(11;6)": 0.030118294582522853, "(12;6)": 0.028767888813332317, "(13;6)": 0.027624138919445755, "(14;6)": 0.026568997610303607, "(15;6)": 0.02561452128607308, "(16;6)": 0.024838563347531498, "(17;6)": 0.024013546422455144, "(18;6)": 0.023080063138210656, "(19;6)": 0.022724484542038185, "(20;6)": 0.022134173276438504, "(21;6)": 0.021842950198961666, "(22;6)": 0.02113582436929945, "(23;6)": 0.02052320054674201, "(24;6)": 0.02047701322421216, "(25;6)": 0.019816359219961038, "(26;6)": 0.019391862711975075, "(27;6)": 0.019208169762461317, "(28;6)": 0.018794968272120204, "(29;6)": 0.018640568868409372, "(30;6)": 0.01807877497613049, "Better coclustering": "(2;2)"}