{"(2;2)": 0.058608865099919985, "(3;2)": 0.07102441968367434, "(4;2)": 0.0898642649057142, "(5;2)": 0.1010179636474549, "(6;2)": 0.0886123641711211, "(7;2)": 0.08681052752131117, "(8;2)": 0.08513651211754567, "(9;2)": 0.07746514425426147, "(10;2)": 0.07738722027913994, "(11;2)": 0.07111668839731015, "(12;2)": 0.06536024732352101, "(13;2)": 0.06351415589684638, "(14;2)": 0.05987457086978563, "(15;2)": 0.0582579523218199, "(16;2)": 0.056673019883631194, "(17;2)": 0.0548740358351893, "(18;2)": 0.05344547109555077, "(19;2)": 0.053128407597494876, "(20;2)": 0.048149364580541254, "(21;2)": 0.05100305035467524, "(22;2)": 0.04864515166530711, "(23;2)": 0.04914679413080099, "(24;2)": 0.04489988517971371, "(25;2)": 0.04490717859346535, "(26;2)": 0.042990918357002514, "(27;2)": 0.04300141942232892, "(28;2)": 0.04448696418963432, "(29;2)": 0.04182559030542559, "(30;2)": 0.037890417883838755, "(2;3)": 0.007251907594045312, "(3;3)": 0.007483756059415423, "(4;3)": 0.007495685613878692, "(5;3)": 0.008260624858405848, "(6;3)": 0.006321184330722792, "(7;3)": 0.010095077697500903, "(8;3)": 0.008947989485099625, "(9;3)": 0.009043639189435298, "(10;3)": 0.008857650441177959, "(11;3)": 0.00835879775035754, "(12;3)": 0.008064762920270701, "(13;3)": 0.00824080928120652, "(14;3)": 0.007986450337177634, "(15;3)": 0.008962975839333103, "(16;3)": 0.008718689565087543, "(17;3)": 0.008679306873688293, "(18;3)": 0.008124033137981197, "(19;3)": 0.008553915378816274, "(20;3)": 0.008276442616665259, "(21;3)": 0.008317711665902696, "(22;3)": 0.00850509880753425, "(23;3)": 0.008101137933443654, "(24;3)": 0.008195648298498164, "(25;3)": 0.008090273592262952, "(26;3)": 0.007603802346894455, "(27;3)": 0.007980842524889467, "(28;3)": 0.007803820917967309, "(29;3)": 0.007487087890425861, "(30;3)": 0.007570368099781344, "(2;4)": 0.006405855839389181, "(3;4)": 0.0071957382871772856, "(4;4)": 0.0061954519358860295, "(5;4)": 0.010027847665454986, "(6;4)": 0.008861008479473789, "(7;4)": 0.00916676780477686, "(8;4)": 0.008526988059837998, "(9;4)": 0.00802912411081302, "(10;4)": 0.007871242076059031, "(11;4)": 0.00789339090706863, "(12;4)": 0.007976796992997618, "(13;4)": 0.007996312308417018, "(14;4)": 0.007769641570577974, "(15;4)": 0.007584797769604486, "(16;4)": 0.007679304504876831, "(17;4)": 0.0077386069510516275, "(18;4)": 0.007663105616699488, "(19;4)": 0.007668592383012207, "(20;4)": 0.0073773327731183865, "(21;4)": 0.007223383209800503, "(22;4)": 0.007173437737873789, "(23;4)": 0.007375584158856491, "(24;4)": 0.0070412746882988035, "(25;4)": 0.007187783534882327, "(26;4)": 0.006918065460615365, "(27;4)": 0.0068378103738894695, "(28;4)": 0.006947046458122971, "(29;4)": 0.006871874984395335, "(30;4)": 0.006679127502902222, "(2;5)": 0.007744380450982666, "(3;5)": 0.008945058102579668, "(4;5)": 0.008403861407891098, "(5;5)": 0.007634788032369375, "(6;5)": 0.007376889347307024, "(7;5)": 0.0069559308565097415, "(8;5)": 0.007226308320926247, "(9;5)": 0.006982002106651582, "(10;5)": 0.006869798796653345, "(11;5)": 0.006727484589290495, "(12;5)": 0.006516176158686608, "(13;5)": 0.006511087541868032, "(14;5)": 0.006267401206846791, "(15;5)": 0.006248830648122874, "(16;5)": 0.006091621881425061, "(17;5)": 0.00618294158864723, "(18;5)": 0.006081052910266495, "(19;5)": 0.0060055901799071785, "(20;5)": 0.006104574154695858, "(21;5)": 0.006029580920910887, "(22;5)": 0.006068130732015095, "(23;5)": 0.0060248994143014415, "(24;5)": 0.006080555225648012, "(25;5)": 0.00584060026047167, "(26;5)": 0.006041296855746862, "(27;5)": 0.006010643568539142, "(28;5)": 0.005953792640506043, "(29;5)": 0.00580938118354315, "(30;5)": 0.005810493476392665, "(2;6)": 0.005790122114031608, "(3;6)": 0.006864527858791121, "(4;6)": 0.0064684973491141405, "(5;6)": 0.0063164408367830304, "(6;6)": 0.006189215714894324, "(7;6)": 0.006063890097578804, "(8;6)": 0.006072966545742975, "(9;6)": 0.006179509481667068, "(10;6)": 0.006273946026588927, "(11;6)": 0.0062237558908013755, "(12;6)": 0.006187872228984707, "(13;6)": 0.006106910877262234, "(14;6)": 0.006042164958610703, "(15;6)": 0.006005811392303916, "(16;6)": 0.005872119451362986, "(17;6)": 0.0059681439311296165, "(18;6)": 0.005818260466605741, "(19;6)": 0.005875723468462234, "(20;6)": 0.005855787329263408, "(21;6)": 0.005829691402979014, "(22;6)": 0.005732538212689062, "(23;6)": 0.005753639772097157, "(24;6)": 0.005741276798847105, "(25;6)": 0.005714564373905707, "(26;6)": 0.0057065392325417325, "(27;6)": 0.005857236190192252, "(28;6)": 0.005704338863081274, "(29;6)": 0.005687533914250373, "(30;6)": 0.0056669622114839295, "Better coclustering": "(5;2)"}