{"(2;2)": 1.4125765926469642, "(3;2)": 1.0028489015728395, "(4;2)": 0.944792528593092, "(5;2)": 0.8569738944651188, "(6;2)": 0.7626290616540096, "(7;2)": 0.6801685030020758, "(8;2)": 0.6076063029100038, "(9;2)": 0.5533190297978675, "(10;2)": 0.5089427923003819, "(11;2)": 0.46973450946883516, "(12;2)": 0.4361746005010982, "(13;2)": 0.4071501981681603, "(14;2)": 0.38225979531490983, "(15;2)": 0.3600477919150647, "(16;2)": 0.34156637734762757, "(17;2)": 0.32442950729525527, "(18;2)": 0.3098893631601633, "(19;2)": 0.294738718091624, "(20;2)": 0.2856079838096649, "(21;2)": 0.27119751632244177, "(22;2)": 0.2626216075793749, "(23;2)": 0.25464762351329445, "(24;2)": 0.24459180649162407, "(25;2)": 0.23618379435943596, "(26;2)": 0.22940722794714666, "(27;2)": 0.22213438567261143, "(28;2)": 0.2169856662334164, "(29;2)": 0.20947667810181314, "(30;2)": 0.20475055278913112, "(2;3)": 0.5178183520367227, "(3;3)": 0.33113288058985446, "(4;3)": 0.32296254564477095, "(5;3)": 0.2994917834229364, "(6;3)": 0.27338157477947506, "(7;3)": 0.24941854735271116, "(8;3)": 0.22544220778934734, "(9;3)": 0.2053168533800005, "(10;3)": 0.18810963295080496, "(11;3)": 0.174596530932235, "(12;3)": 0.16233710759331818, "(13;3)": 0.15118887503253653, "(14;3)": 0.14225024800418457, "(15;3)": 0.13460438227191532, "(16;3)": 0.12788529973103735, "(17;3)": 0.12162963304057739, "(18;3)": 0.11572236623246795, "(19;3)": 0.11109239357653282, "(20;3)": 0.10592551785415662, "(21;3)": 0.10183927283336142, "(22;3)": 0.09838211993856823, "(23;3)": 0.09461909803007182, "(24;3)": 0.09081736299726008, "(25;3)": 0.08783644309497603, "(26;3)": 0.08450892825987218, "(27;3)": 0.08239547590751335, "(28;3)": 0.07915489040626664, "(29;3)": 0.0776859551713766, "(30;3)": 0.07525737393420273, "(2;4)": 0.29254397648786135, "(3;4)": 0.24278656511511323, "(4;4)": 0.19530653673472292, "(5;4)": 0.17575158125762597, "(6;4)": 0.16289718766094505, "(7;4)": 0.14905874757708923, "(8;4)": 0.13639960702305776, "(9;4)": 0.12419077962297322, "(10;4)": 0.11405188827482053, "(11;4)": 0.10527499766363989, "(12;4)": 0.0980713608530307, "(13;4)": 0.09177124162221942, "(14;4)": 0.08668777933280368, "(15;4)": 0.0828667968227931, "(16;4)": 0.07857812368925654, "(17;4)": 0.0745003994288863, "(18;4)": 0.07194092505092682, "(19;4)": 0.06950762904567476, "(20;4)": 0.06644160020377984, "(21;4)": 0.06424050492117019, "(22;4)": 0.06190106798594868, "(23;4)": 0.05996905287726767, "(24;4)": 0.06280209946199139, "(25;4)": 0.056402039610570796, "(26;4)": 0.05517557236656528, "(27;4)": 0.05305501354470502, "(28;4)": 0.05170194127903026, "(29;4)": 0.05390358825507285, "(30;4)": 0.048955026534984424, "(2;5)": 0.19612195817034656, "(3;5)": 0.16365213605143517, "(4;5)": 0.13495899595909658, "(5;5)": 0.11794344092860298, "(6;5)": 0.10595910884672105, "(7;5)": 0.09669270376249517, "(8;5)": 0.08836655501491328, "(9;5)": 0.08315593612430185, "(10;5)": 0.07652425874251977, "(11;5)": 0.0723235109442461, "(12;5)": 0.06738380371862757, "(13;5)": 0.06405803628117963, "(14;5)": 0.06093396255416943, "(15;5)": 0.05752166091244361, "(16;5)": 0.054522792362650764, "(17;5)": 0.05330863505406452, "(18;5)": 0.051482602546667346, "(19;5)": 0.04823612723847466, "(20;5)": 0.046835497925419405, "(21;5)": 0.04540055949595226, "(22;5)": 0.04361313892593181, "(23;5)": 0.04253153517989647, "(24;5)": 0.041132010772736725, "(25;5)": 0.04019023469286488, "(26;5)": 0.03935271610703909, "(27;5)": 0.03913997622966947, "(28;5)": 0.03832020667365818, "(29;5)": 0.036920912203851644, "(30;5)": 0.03652105815773842, "(2;6)": 0.10678975076610626, "(3;6)": 0.08962899546660447, "(4;6)": 0.07853086821580588, "(5;6)": 0.06954892171241558, "(6;6)": 0.06345070520210426, "(7;6)": 0.0585348998441617, "(8;6)": 0.05274004618936268, "(9;6)": 0.04823243211758097, "(10;6)": 0.04487055619781413, "(11;6)": 0.04203896043641777, "(12;6)": 0.039591572111182645, "(13;6)": 0.03756838007033575, "(14;6)": 0.03583344782464108, "(15;6)": 0.03418178232131263, "(16;6)": 0.03289037883012416, "(17;6)": 0.03177321792634653, "(18;6)": 0.030685699024423734, "(19;6)": 0.02966313608647693, "(20;6)": 0.02884578494925941, "(21;6)": 0.027968490210057158, "(22;6)": 0.027206150194954773, "(23;6)": 0.026478575584758628, "(24;6)": 0.025850870112012377, "(25;6)": 0.02518285309731053, "(26;6)": 0.02461286790750535, "(27;6)": 0.024109381890844214, "(28;6)": 0.023629852297636804, "(29;6)": 0.0231019753494449, "(30;6)": 0.022740082670807002, "Better coclustering": "(2;2)"}