{"(2;2)": 0.26710452374530097, "(3;2)": 0.14311540148660387, "(4;2)": 0.13728949868156964, "(5;2)": 0.13343604509468304, "(6;2)": 0.14450901349718678, "(7;2)": 0.13095542000317717, "(8;2)": 0.11619323236198731, "(9;2)": 0.10873181359614838, "(10;2)": 0.10196714946206978, "(11;2)": 0.09561291292924329, "(12;2)": 0.0915605455988275, "(13;2)": 0.09022515156211303, "(14;2)": 0.08827799614232165, "(15;2)": 0.0797555191099373, "(16;2)": 0.07501567908909249, "(17;2)": 0.07287604562773342, "(18;2)": 0.07221731555255277, "(19;2)": 0.06843822210807977, "(20;2)": 0.06690917969892085, "(21;2)": 0.06615189413127875, "(22;2)": 0.06199696250983529, "(23;2)": 0.0629833828207159, "(24;2)": 0.060306373363680034, "(25;2)": 0.05888879894249808, "(26;2)": 0.058558932250294245, "(27;2)": 0.055813247504949016, "(28;2)": 0.0553141908428898, "(29;2)": 0.053968231440875446, "(30;2)": 0.05175344610764133, "(2;3)": 0.005755073721721672, "(3;3)": 0.0055907527640440486, "(4;3)": 0.006855402008621145, "(5;3)": 0.007560683548809742, "(6;3)": 0.007030380866705533, "(7;3)": 0.007915691425260248, "(8;3)": 0.007819123820684384, "(9;3)": 0.00763047889234768, "(10;3)": 0.007492967758445036, "(11;3)": 0.007483054391446648, "(12;3)": 0.0075667269710541635, "(13;3)": 0.007281771092459523, "(14;3)": 0.007203962063766142, "(15;3)": 0.006879329484952123, "(16;3)": 0.006833320902530968, "(17;3)": 0.007338352534899514, "(18;3)": 0.007198166827989043, "(19;3)": 0.0070733197118024406, "(20;3)": 0.006848525188529199, "(21;3)": 0.006959077439426535, "(22;3)": 0.0069241908527237295, "(23;3)": 0.007098465718466201, "(24;3)": 0.007152149047157936, "(25;3)": 0.00700944254023207, "(26;3)": 0.007551512359348258, "(27;3)": 0.00757495816238136, "(28;3)": 0.007159186959629618, "(29;3)": 0.007074544370073942, "(30;3)": 0.006919461985383915, "(2;4)": 0.005250524628080691, "(3;4)": 0.006689196611018656, "(4;4)": 0.005840172925930386, "(5;4)": 0.005599672036402092, "(6;4)": 0.005860038779839799, "(7;4)": 0.005946966544948801, "(8;4)": 0.006042847216313152, "(9;4)": 0.005884016248966254, "(10;4)": 0.0061592645680861174, "(11;4)": 0.0059694410290937255, "(12;4)": 0.005946116923651122, "(13;4)": 0.006133593207076992, "(14;4)": 0.00614205655899431, "(15;4)": 0.006234804515655232, "(16;4)": 0.006321961014916602, "(17;4)": 0.006251216998210697, "(18;4)": 0.006276792494024245, "(19;4)": 0.006194680981417435, "(20;4)": 0.00622538605832057, "(21;4)": 0.0061661179936947745, "(22;4)": 0.0063368685903162384, "(23;4)": 0.006087282439771623, "(24;4)": 0.006242336185181156, "(25;4)": 0.006300981130531566, "(26;4)": 0.00611056953259362, "(27;4)": 0.006212047358030848, "(28;4)": 0.006127539406063811, "(29;4)": 0.006205740944442184, "(30;4)": 0.006191704256839843, "(2;5)": 0.0046764645443709086, "(3;5)": 0.004458589678570087, "(4;5)": 0.004899105196989578, "(5;5)": 0.004731736050989654, "(6;5)": 0.004806918247448403, "(7;5)": 0.004816669376391441, "(8;5)": 0.00490932411778347, "(9;5)": 0.005116266101310689, "(10;5)": 0.00488337679503289, "(11;5)": 0.005106556313517374, "(12;5)": 0.004853964505569742, "(13;5)": 0.005077199663546287, "(14;5)": 0.004928898032418513, "(15;5)": 0.005185537524793175, "(16;5)": 0.004779313501254177, "(17;5)": 0.004999570240184329, "(18;5)": 0.004918426518617045, "(19;5)": 0.00474272859244015, "(20;5)": 0.004853228519819645, "(21;5)": 0.004993357681925708, "(22;5)": 0.004816565812817536, "(23;5)": 0.0050846205697954285, "(24;5)": 0.004849064551816259, "(25;5)": 0.004783171583398824, "(26;5)": 0.004762622018790628, "(27;5)": 0.005039206847689525, "(28;5)": 0.004952685015919744, "(29;5)": 0.004808067591766156, "(30;5)": 0.004921437713324752, "(2;6)": 0.005831624375879807, "(3;6)": 0.005935858728902168, "(4;6)": 0.005867796857314456, "(5;6)": 0.005823230432540024, "(6;6)": 0.005481165577770527, "(7;6)": 0.005587872887496314, "(8;6)": 0.00525042440608004, "(9;6)": 0.005498990006273435, "(10;6)": 0.005462253726750095, "(11;6)": 0.005345842053649273, "(12;6)": 0.005172720222975739, "(13;6)": 0.005165009669545396, "(14;6)": 0.005179838156674844, "(15;6)": 0.005163019207709372, "(16;6)": 0.005079669067124219, "(17;6)": 0.005030413006114548, "(18;6)": 0.005071446232316664, "(19;6)": 0.005007344843917248, "(20;6)": 0.005009254929545689, "(21;6)": 0.004945301943304433, "(22;6)": 0.004999305003190115, "(23;6)": 0.0049937011986275525, "(24;6)": 0.004916042052249807, "(25;6)": 0.004894997794872345, "(26;6)": 0.004910394674425282, "(27;6)": 0.004840465171699407, "(28;6)": 0.004911196126208122, "(29;6)": 0.004877339276181635, "(30;6)": 0.0048581522335646565, "Better coclustering": "(2;2)"}