{"(2;2)": 0.6585422733794888, "(3;2)": 0.6089872168188375, "(4;2)": 0.47710211741811753, "(5;2)": 0.4345869909714507, "(6;2)": 0.40690549408840115, "(7;2)": 0.36827675444837776, "(8;2)": 0.33642402602744026, "(9;2)": 0.3102763656451192, "(10;2)": 0.2885557000552245, "(11;2)": 0.26717076925007804, "(12;2)": 0.24956038560537377, "(13;2)": 0.2343217157112414, "(14;2)": 0.2202508617164185, "(15;2)": 0.20926410256229805, "(16;2)": 0.19985945594103022, "(17;2)": 0.18969640730421178, "(18;2)": 0.18199879377728143, "(19;2)": 0.17403916980021955, "(20;2)": 0.16679081035262894, "(21;2)": 0.16063028124482026, "(22;2)": 0.1555195563126709, "(23;2)": 0.14994745998563722, "(24;2)": 0.1448798535111784, "(25;2)": 0.139082508838546, "(26;2)": 0.13508060362575997, "(27;2)": 0.1318989561055125, "(28;2)": 0.12844120150790742, "(29;2)": 0.1245153536378111, "(30;2)": 0.12171695962595258, "(2;3)": 0.2686241969624246, "(3;3)": 0.23124088728228745, "(4;3)": 0.18474885763336346, "(5;3)": 0.17213771644515752, "(6;3)": 0.15931090688430538, "(7;3)": 0.14214905994045562, "(8;3)": 0.13061391210367682, "(9;3)": 0.12048713451590845, "(10;3)": 0.11244249172339496, "(11;3)": 0.10416016289099161, "(12;3)": 0.09787281564353044, "(13;3)": 0.09200475521497191, "(14;3)": 0.08778966382054915, "(15;3)": 0.08290676973148024, "(16;3)": 0.07901289571301368, "(17;3)": 0.07614843216112338, "(18;3)": 0.07364257194332058, "(19;3)": 0.07066569730782755, "(20;3)": 0.06755410686325874, "(21;3)": 0.06555887965157385, "(22;3)": 0.06250393233870213, "(23;3)": 0.06096874608564931, "(24;3)": 0.05907262132238354, "(25;3)": 0.05717212290515484, "(26;3)": 0.05548253418370551, "(27;3)": 0.05441675113639472, "(28;3)": 0.05255183832081997, "(29;3)": 0.051045538310977925, "(30;3)": 0.0497848801359699, "(2;4)": 0.1645522492332135, "(3;4)": 0.1232912870596173, "(4;4)": 0.10769169915971884, "(5;4)": 0.10104399686225549, "(6;4)": 0.09358252552334627, "(7;4)": 0.08770037518806303, "(8;4)": 0.08004788089295858, "(9;4)": 0.07447857274405584, "(10;4)": 0.0693692522280048, "(11;4)": 0.06498665299678338, "(12;4)": 0.06118351564233051, "(13;4)": 0.05812236049179591, "(14;4)": 0.055272077753699425, "(15;4)": 0.05272669993940283, "(16;4)": 0.05047562856999577, "(17;4)": 0.04829240663807482, "(18;4)": 0.04632835575719956, "(19;4)": 0.04473395154474751, "(20;4)": 0.04329963856958978, "(21;4)": 0.04178638850459461, "(22;4)": 0.04042687046219216, "(23;4)": 0.03923050013205365, "(24;4)": 0.03818709582632251, "(25;4)": 0.03712222380854389, "(26;4)": 0.03624759892425469, "(27;4)": 0.03482635361935092, "(28;4)": 0.034320584507516204, "(29;4)": 0.03355483225845093, "(30;4)": 0.03278336935286908, "(2;5)": 0.091761290485125, "(3;5)": 0.07392977179680667, "(4;5)": 0.0639074001912737, "(5;5)": 0.05778030103218354, "(6;5)": 0.05371059585673256, "(7;5)": 0.05068341683421135, "(8;5)": 0.048311499345938896, "(9;5)": 0.045700441344844446, "(10;5)": 0.04193741655961792, "(11;5)": 0.039147768691275286, "(12;5)": 0.03706474373981429, "(13;5)": 0.03503498199179236, "(14;5)": 0.03334310950963656, "(15;5)": 0.0320124692610231, "(16;5)": 0.03071981491526224, "(17;5)": 0.0296089429415304, "(18;5)": 0.028577597108854248, "(19;5)": 0.02752356561351421, "(20;5)": 0.026684939535053496, "(21;5)": 0.025869055498177338, "(22;5)": 0.0251190977754383, "(23;5)": 0.024450436250974972, "(24;5)": 0.02394663989804353, "(25;5)": 0.023452852431316798, "(26;5)": 0.022699124883401343, "(27;5)": 0.02217884965423822, "(28;5)": 0.021567088630124794, "(29;5)": 0.021072354443935504, "(30;5)": 0.020926841311097483, "(2;6)": 0.06294660961689866, "(3;6)": 0.04854081052901849, "(4;6)": 0.0438423727509925, "(5;6)": 0.03974894026236305, "(6;6)": 0.03722927639245479, "(7;6)": 0.03350174063495515, "(8;6)": 0.03127794517914496, "(9;6)": 0.029266354747817445, "(10;6)": 0.0277041847291328, "(11;6)": 0.026209097836463763, "(12;6)": 0.025037062686601774, "(13;6)": 0.024073628898765676, "(14;6)": 0.023142104223844162, "(15;6)": 0.022253859753218603, "(16;6)": 0.02159367806677288, "(17;6)": 0.020737899162588135, "(18;6)": 0.020307200664081065, "(19;6)": 0.019854550977219467, "(20;6)": 0.019355970204201153, "(21;6)": 0.019209613470256955, "(22;6)": 0.018530389999057973, "(23;6)": 0.018094734022258797, "(24;6)": 0.017850128306535595, "(25;6)": 0.01773422093302922, "(26;6)": 0.017420703768282468, "(27;6)": 0.01788235185391455, "(28;6)": 0.016893929396955915, "(29;6)": 0.016892442682934068, "(30;6)": 0.016291567409028266, "Better coclustering": "(2;2)"}