{"(2;2)": 0.028280801565535713, "(3;2)": 0.03648082311208697, "(4;2)": 0.04006387671442993, "(5;2)": 0.03691938352734732, "(6;2)": 0.03141056771492976, "(7;2)": 0.02940856278715362, "(8;2)": 0.028400346798847682, "(9;2)": 0.026492323644784908, "(10;2)": 0.02561820720049021, "(11;2)": 0.024850416925112084, "(12;2)": 0.022973612692578166, "(13;2)": 0.023189645429842174, "(14;2)": 0.022250128057615236, "(15;2)": 0.02103417152589286, "(16;2)": 0.020792672457491307, "(17;2)": 0.02135843690795633, "(18;2)": 0.021222355016634994, "(19;2)": 0.019856041670442533, "(20;2)": 0.019802265405954138, "(21;2)": 0.01869527430335965, "(22;2)": 0.019050287931884183, "(23;2)": 0.018798260048632533, "(24;2)": 0.01877443561444956, "(25;2)": 0.01942713005936951, "(26;2)": 0.01780928512583562, "(27;2)": 0.01732811329949387, "(28;2)": 0.01799698020369922, "(29;2)": 0.017284278070728458, "(30;2)": 0.0180600875111014, "(2;3)": 0.005298403867168368, "(3;3)": 0.014827951773086481, "(4;3)": 0.038007222325447586, "(5;3)": 0.03216351387062015, "(6;3)": 0.031495696984971996, "(7;3)": 0.028196522128510506, "(8;3)": 0.02537550804085173, "(9;3)": 0.02756548588208911, "(10;3)": 0.026693891388292264, "(11;3)": 0.02536401691298603, "(12;3)": 0.023465331731265388, "(13;3)": 0.02276734737063174, "(14;3)": 0.02325591963136704, "(15;3)": 0.023425223399148588, "(16;3)": 0.02259054064772947, "(17;3)": 0.022046768715890196, "(18;3)": 0.021054994667708275, "(19;3)": 0.019812963667941098, "(20;3)": 0.019874373295171187, "(21;3)": 0.019242125699311444, "(22;3)": 0.018910127207260694, "(23;3)": 0.01800725504438717, "(24;3)": 0.01760837303237594, "(25;3)": 0.017407933840142394, "(26;3)": 0.016956013199862195, "(27;3)": 0.016352540203821084, "(28;3)": 0.016279087378650987, "(29;3)": 0.015710695271014662, "(30;3)": 0.015800108516601002, "(2;4)": 0.006017643725435776, "(3;4)": 0.0065786786340564654, "(4;4)": 0.0063588261365974, "(5;4)": 0.008509582320033411, "(6;4)": 0.01010513103004337, "(7;4)": 0.010015817633556223, "(8;4)": 0.009856453265249383, "(9;4)": 0.009451608624483052, "(10;4)": 0.008919095626654753, "(11;4)": 0.009002000687985635, "(12;4)": 0.009079966394945314, "(13;4)": 0.008858153477543231, "(14;4)": 0.008759433486401092, "(15;4)": 0.008375609306318628, "(16;4)": 0.008428579906988427, "(17;4)": 0.008211276004858608, "(18;4)": 0.008070259780197363, "(19;4)": 0.008022590738009473, "(20;4)": 0.0079747588313791, "(21;4)": 0.007700265315874102, "(22;4)": 0.007537976972238444, "(23;4)": 0.007628893669062195, "(24;4)": 0.007484443092225873, "(25;4)": 0.007262910030545704, "(26;4)": 0.007488083362319369, "(27;4)": 0.007460443698698303, "(28;4)": 0.007278272924582433, "(29;4)": 0.007180957891531487, "(30;4)": 0.007215148703113962, "(2;5)": 0.006953647070893733, "(3;5)": 0.007070454910127528, "(4;5)": 0.006887568461786233, "(5;5)": 0.006267441949651539, "(6;5)": 0.005940163254432696, "(7;5)": 0.005817404825947429, "(8;5)": 0.005799091647891511, "(9;5)": 0.005715770339192206, "(10;5)": 0.0058798343897703, "(11;5)": 0.005896631912648898, "(12;5)": 0.006012849138986839, "(13;5)": 0.00583471921846919, "(14;5)": 0.005718268810366431, "(15;5)": 0.00575036044885397, "(16;5)": 0.005823390052812738, "(17;5)": 0.005689458627241928, "(18;5)": 0.005531473377725867, "(19;5)": 0.005538725795029474, "(20;5)": 0.005653243194304227, "(21;5)": 0.0053157801644419895, "(22;5)": 0.005463777738341055, "(23;5)": 0.005520598116009035, "(24;5)": 0.00541852016558114, "(25;5)": 0.005434481068334073, "(26;5)": 0.005407097769751728, "(27;5)": 0.005381290334649917, "(28;5)": 0.005412956525636046, "(29;5)": 0.005309134891400354, "(30;5)": 0.005342362531708794, "(2;6)": 0.007568660573643721, "(3;6)": 0.006324974880558026, "(4;6)": 0.006186399250490614, "(5;6)": 0.005874698151175914, "(6;6)": 0.005771854350133838, "(7;6)": 0.005572061717915734, "(8;6)": 0.005810276292001402, "(9;6)": 0.005650548099258984, "(10;6)": 0.0058673916601442565, "(11;6)": 0.0056796588468730645, "(12;6)": 0.005623765721229148, "(13;6)": 0.005615489088269862, "(14;6)": 0.005689504596969938, "(15;6)": 0.005460627122579798, "(16;6)": 0.005628643247701459, "(17;6)": 0.0054694796664850245, "(18;6)": 0.00553818142411401, "(19;6)": 0.005511960799853127, "(20;6)": 0.005539134316344697, "(21;6)": 0.005513451304600408, "(22;6)": 0.0054730814376484456, "(23;6)": 0.00547673302913638, "(24;6)": 0.00550115541048095, "(25;6)": 0.005481307001129321, "(26;6)": 0.005466285700937977, "(27;6)": 0.005393778764592387, "(28;6)": 0.005406856587697842, "(29;6)": 0.005382388524255384, "(30;6)": 0.0050371121725028695, "Better coclustering": "(4;2)"}