{"(2;2)": 0.7800139089130937, "(3;2)": 0.676495739011968, "(4;2)": 0.5714330379609978, "(5;2)": 0.5073312115323854, "(6;2)": 0.4675942379581714, "(7;2)": 0.42629023896700946, "(8;2)": 0.38652157289832056, "(9;2)": 0.3535869640469423, "(10;2)": 0.325626190854967, "(11;2)": 0.30219953947977385, "(12;2)": 0.28223604943262526, "(13;2)": 0.26550981959551756, "(14;2)": 0.2487636461604735, "(15;2)": 0.23719150987975476, "(16;2)": 0.22594405465480386, "(17;2)": 0.21530961940432577, "(18;2)": 0.20628273570671574, "(19;2)": 0.19684974816730935, "(20;2)": 0.1900924035067168, "(21;2)": 0.18313696733213916, "(22;2)": 0.17515132231829067, "(23;2)": 0.16901727357752375, "(24;2)": 0.16453941204898748, "(25;2)": 0.1587958212536983, "(26;2)": 0.15325454991924678, "(27;2)": 0.14940697384756324, "(28;2)": 0.14401429740339275, "(29;2)": 0.14145731972428935, "(30;2)": 0.13689836057163973, "(2;3)": 0.29789372271825226, "(3;3)": 0.24128110793710236, "(4;3)": 0.20572789062919503, "(5;3)": 0.1888359825762097, "(6;3)": 0.17067666160543904, "(7;3)": 0.15477349082870195, "(8;3)": 0.14229444470084973, "(9;3)": 0.13030213548828895, "(10;3)": 0.12036138297641623, "(11;3)": 0.11218744992336102, "(12;3)": 0.10468102154856863, "(13;3)": 0.0986993381158856, "(14;3)": 0.09391066208059624, "(15;3)": 0.08909640500459602, "(16;3)": 0.08389308717287221, "(17;3)": 0.08127770257215203, "(18;3)": 0.0781668695246536, "(19;3)": 0.0751640010103915, "(20;3)": 0.07208986419983043, "(21;3)": 0.06977911131029783, "(22;3)": 0.0675821119403865, "(23;3)": 0.06518849033654522, "(24;3)": 0.06299972424159084, "(25;3)": 0.06139237544380474, "(26;3)": 0.05945443229965686, "(27;3)": 0.05778233207431665, "(28;3)": 0.056451766268411016, "(29;3)": 0.0546311468420269, "(30;3)": 0.05347510472921732, "(2;4)": 0.14679097923409345, "(3;4)": 0.12076845689482434, "(4;4)": 0.1053666086638789, "(5;4)": 0.0907915944735521, "(6;4)": 0.0839154605153719, "(7;4)": 0.07681359410640917, "(8;4)": 0.06982265183779995, "(9;4)": 0.06390801314819446, "(10;4)": 0.05940444603239088, "(11;4)": 0.055869487504536665, "(12;4)": 0.052609068374841333, "(13;4)": 0.049141256078353276, "(14;4)": 0.04815492774405911, "(15;4)": 0.04479310589718248, "(16;4)": 0.04385905191069269, "(17;4)": 0.04208940797683799, "(18;4)": 0.03948877935538543, "(19;4)": 0.038083401140209874, "(20;4)": 0.037176306454130684, "(21;4)": 0.03695518867881582, "(22;4)": 0.03578603076394975, "(23;4)": 0.03333791064859215, "(24;4)": 0.033871410801921624, "(25;4)": 0.0322092053311968, "(26;4)": 0.03157319570680464, "(27;4)": 0.03127079886598865, "(28;4)": 0.030713035181359864, "(29;4)": 0.029654168663886565, "(30;4)": 0.028846504674102925, "(2;5)": 0.11267317085827702, "(3;5)": 0.08671186691998885, "(4;5)": 0.07554673251926329, "(5;5)": 0.0656558651627528, "(6;5)": 0.059692012990912605, "(7;5)": 0.055285847731652724, "(8;5)": 0.050889565610079665, "(9;5)": 0.047333047968739314, "(10;5)": 0.044566865864024995, "(11;5)": 0.04192854745052972, "(12;5)": 0.039810415015938926, "(13;5)": 0.03784997774181107, "(14;5)": 0.03590736406139828, "(15;5)": 0.03408695327192749, "(16;5)": 0.03285070925637741, "(17;5)": 0.031578710937756015, "(18;5)": 0.029856320045292435, "(19;5)": 0.029140842479813602, "(20;5)": 0.028395018630502006, "(21;5)": 0.02777081772087305, "(22;5)": 0.02692081116858841, "(23;5)": 0.02649189842448283, "(24;5)": 0.025589652806995804, "(25;5)": 0.025058809821618674, "(26;5)": 0.024591579965401806, "(27;5)": 0.024100214934586053, "(28;5)": 0.023399286277278372, "(29;5)": 0.02298136263679301, "(30;5)": 0.02257046983288824, "(2;6)": 0.05838379035014198, "(3;6)": 0.05034916409481057, "(4;6)": 0.043118104250257035, "(5;6)": 0.03887642106798486, "(6;6)": 0.03826446799371829, "(7;6)": 0.035175269638243765, "(8;6)": 0.031621789427296286, "(9;6)": 0.029866914319828543, "(10;6)": 0.02838886814668816, "(11;6)": 0.02698696715828374, "(12;6)": 0.025553724718555618, "(13;6)": 0.02449084020165806, "(14;6)": 0.02353493901302568, "(15;6)": 0.022633189258917986, "(16;6)": 0.021856761363004074, "(17;6)": 0.02110824493506931, "(18;6)": 0.020666105200678544, "(19;6)": 0.01992327937534084, "(20;6)": 0.01943278654918866, "(21;6)": 0.019014180745951296, "(22;6)": 0.01859921281739114, "(23;6)": 0.018192252453001104, "(24;6)": 0.017658236448590173, "(25;6)": 0.017478000464360034, "(26;6)": 0.017277668811362664, "(27;6)": 0.0168841347423231, "(28;6)": 0.016571103605487192, "(29;6)": 0.01650361166181674, "(30;6)": 0.016200729548206692, "Better coclustering": "(2;2)"}