{"(2;2)": 0.015137560191266459, "(3;2)": 0.015450468837725904, "(4;2)": 0.021005296847209733, "(5;2)": 0.01898446427968361, "(6;2)": 0.018778099179847324, "(7;2)": 0.01827175159407678, "(8;2)": 0.0177279417557003, "(9;2)": 0.01718785638234923, "(10;2)": 0.01755087925345088, "(11;2)": 0.017550427381551544, "(12;2)": 0.017022574966564886, "(13;2)": 0.016091880722931804, "(14;2)": 0.017823349878872827, "(15;2)": 0.017369068215420187, "(16;2)": 0.01705842439093953, "(17;2)": 0.016373815010768785, "(18;2)": 0.01595991030697523, "(19;2)": 0.0159371613299967, "(20;2)": 0.014301560233337734, "(21;2)": 0.014791948186303068, "(22;2)": 0.014724401354574755, "(23;2)": 0.014788622198244204, "(24;2)": 0.013971130515760212, "(25;2)": 0.014067391090990448, "(26;2)": 0.014066188333108787, "(27;2)": 0.014350012867758043, "(28;2)": 0.013390930917425723, "(29;2)": 0.013772683012155772, "(30;2)": 0.013356105037319014, "(2;3)": 0.0052532540409699615, "(3;3)": 0.004479026985172276, "(4;3)": 0.0056487296228039515, "(5;3)": 0.005605887454062836, "(6;3)": 0.005237930603097049, "(7;3)": 0.006095303602059969, "(8;3)": 0.005947783378247557, "(9;3)": 0.005903018266530274, "(10;3)": 0.005581593043154851, "(11;3)": 0.005836990811360606, "(12;3)": 0.005760645566848965, "(13;3)": 0.005934584220556703, "(14;3)": 0.005845105636009802, "(15;3)": 0.006002619300045165, "(16;3)": 0.005790588610955851, "(17;3)": 0.005694764235587913, "(18;3)": 0.005799947007406868, "(19;3)": 0.00576177164954289, "(20;3)": 0.005785299088297319, "(21;3)": 0.005845416317543386, "(22;3)": 0.00584980629715617, "(23;3)": 0.005646470153793669, "(24;3)": 0.00585098075385502, "(25;3)": 0.0058767707979362725, "(26;3)": 0.005998111970094785, "(27;3)": 0.005907353388997843, "(28;3)": 0.005781289014263001, "(29;3)": 0.005868820313914051, "(30;3)": 0.006014099721780742, "(2;4)": 0.004617364039337027, "(3;4)": 0.004633356632468327, "(4;4)": 0.004753893903241796, "(5;4)": 0.004824841819298183, "(6;4)": 0.004846685095912648, "(7;4)": 0.004785656451601233, "(8;4)": 0.004517262145403898, "(9;4)": 0.004625833792232384, "(10;4)": 0.004404549434523549, "(11;4)": 0.004482906368919505, "(12;4)": 0.0043963906249508316, "(13;4)": 0.004414383148876228, "(14;4)": 0.004365289332755782, "(15;4)": 0.004386282980829827, "(16;4)": 0.0041918659020423535, "(17;4)": 0.004228483949338608, "(18;4)": 0.004318890197109566, "(19;4)": 0.004331673514493484, "(20;4)": 0.004291122960157985, "(21;4)": 0.004298647054823491, "(22;4)": 0.004449062372902312, "(23;4)": 0.004402469626102832, "(24;4)": 0.004227435031462703, "(25;4)": 0.004305738039307063, "(26;4)": 0.004336012451984104, "(27;4)": 0.004385785393571302, "(28;4)": 0.004231250011270589, "(29;4)": 0.004360527011123049, "(30;4)": 0.004402485520081943, "(2;5)": 0.006205077060581138, "(3;5)": 0.00492656470173858, "(4;5)": 0.004727129225867272, "(5;5)": 0.004681458338844699, "(6;5)": 0.004418278267453456, "(7;5)": 0.004484899729938904, "(8;5)": 0.0043599791351876405, "(9;5)": 0.004168676239900696, "(10;5)": 0.004129006474553212, "(11;5)": 0.004030847063716581, "(12;5)": 0.004002662119919718, "(13;5)": 0.003979998477379171, "(14;5)": 0.003978845318080548, "(15;5)": 0.003975504512686283, "(16;5)": 0.003980411556047936, "(17;5)": 0.004010454363547582, "(18;5)": 0.0037421332505914212, "(19;5)": 0.003907545864239251, "(20;5)": 0.003818870125849153, "(21;5)": 0.003854797840381752, "(22;5)": 0.0038483840269436078, "(23;5)": 0.0038307721325891103, "(24;5)": 0.0038670819002462817, "(25;5)": 0.003751297249796632, "(26;5)": 0.0037830459852357203, "(27;5)": 0.003901412172249993, "(28;5)": 0.0037705702907790185, "(29;5)": 0.003842808548544851, "(30;5)": 0.003712927701242991, "(2;6)": 0.004482676448065246, "(3;6)": 0.004730437426431219, "(4;6)": 0.004626081041789998, "(5;6)": 0.004681516861448357, "(6;6)": 0.004508618035374415, "(7;6)": 0.00450142031314246, "(8;6)": 0.004323572636078895, "(9;6)": 0.0042688902576190615, "(10;6)": 0.00443458655838263, "(11;6)": 0.004310004091878264, "(12;6)": 0.004383077207288257, "(13;6)": 0.004243148949421378, "(14;6)": 0.004259448753889843, "(15;6)": 0.004250144557628273, "(16;6)": 0.004185568655046804, "(17;6)": 0.0041140297553846445, "(18;6)": 0.004166884369744099, "(19;6)": 0.004187968804402431, "(20;6)": 0.004098792295234485, "(21;6)": 0.004038546863007382, "(22;6)": 0.004168129846943869, "(23;6)": 0.00408991622830382, "(24;6)": 0.004130428711425006, "(25;6)": 0.004066517819146552, "(26;6)": 0.00411396166914628, "(27;6)": 0.004010639224657259, "(28;6)": 0.0040822322371996825, "(29;6)": 0.004015204990982725, "(30;6)": 0.004053696419106809, "Better coclustering": "(4;2)"}