{"(2;2)": 0.7331889561476754, "(3;2)": 0.4792120379235711, "(4;2)": 0.49892099970554876, "(5;2)": 0.45251581624138426, "(6;2)": 0.40163532424904913, "(7;2)": 0.35775649872230647, "(8;2)": 0.32185884099332945, "(9;2)": 0.29237540979601256, "(10;2)": 0.26810964200759635, "(11;2)": 0.24885073172764802, "(12;2)": 0.2315840335117587, "(13;2)": 0.2183263072269056, "(14;2)": 0.20844980177025094, "(15;2)": 0.19408557020495232, "(16;2)": 0.1877933277892987, "(17;2)": 0.17938344083190827, "(18;2)": 0.17152435558251392, "(19;2)": 0.16366443267533887, "(20;2)": 0.15860010993403476, "(21;2)": 0.15216673110387582, "(22;2)": 0.14430789309880807, "(23;2)": 0.14036668165256821, "(24;2)": 0.13602283176755328, "(25;2)": 0.13157549986740077, "(26;2)": 0.12645491413110937, "(27;2)": 0.1226876858100452, "(28;2)": 0.11971228375130925, "(29;2)": 0.11655323940109089, "(30;2)": 0.11304494881441872, "(2;3)": 0.2688529148989574, "(3;3)": 0.22804730330383854, "(4;3)": 0.1919602293041315, "(5;3)": 0.1794255076705359, "(6;3)": 0.16733688201541483, "(7;3)": 0.15510094580759082, "(8;3)": 0.142473592722356, "(9;3)": 0.13043300620798925, "(10;3)": 0.11979598636188402, "(11;3)": 0.11078770663292468, "(12;3)": 0.10319481069018416, "(13;3)": 0.09671423975975871, "(14;3)": 0.09115764590791701, "(15;3)": 0.0861791720133312, "(16;3)": 0.08158379417746403, "(17;3)": 0.07796499997792138, "(18;3)": 0.07458321957845937, "(19;3)": 0.07133961378026013, "(20;3)": 0.06881767631076015, "(21;3)": 0.06587355031913479, "(22;3)": 0.0640414938646278, "(23;3)": 0.06166184230672847, "(24;3)": 0.05985283216115936, "(25;3)": 0.05811251311823656, "(26;3)": 0.05655222497262803, "(27;3)": 0.05458106002396669, "(28;3)": 0.05317167851727911, "(29;3)": 0.0517456274930765, "(30;3)": 0.050174014855560625, "(2;4)": 0.14790832789011163, "(3;4)": 0.12264304388389861, "(4;4)": 0.10037133373742924, "(5;4)": 0.09046494840611327, "(6;4)": 0.08361517766891642, "(7;4)": 0.0772555186202958, "(8;4)": 0.06930065314027545, "(9;4)": 0.06298163552110636, "(10;4)": 0.05778904331613131, "(11;4)": 0.05379600391504812, "(12;4)": 0.05000707213384937, "(13;4)": 0.0467570141541085, "(14;4)": 0.04426632675416141, "(15;4)": 0.041748786528759636, "(16;4)": 0.04007250875927622, "(17;4)": 0.038217875326505696, "(18;4)": 0.0369810511656309, "(19;4)": 0.03517791890459895, "(20;4)": 0.03393889541968929, "(21;4)": 0.03301119660569792, "(22;4)": 0.031773239906310126, "(23;4)": 0.030588517077095926, "(24;4)": 0.02990489670111966, "(25;4)": 0.02898910454891536, "(26;4)": 0.02834571252912492, "(27;4)": 0.02720191784961841, "(28;4)": 0.02648043738855544, "(29;4)": 0.025992476557475185, "(30;4)": 0.025509768049489023, "(2;5)": 0.09559591055417396, "(3;5)": 0.07972313119921853, "(4;5)": 0.07042883947018916, "(5;5)": 0.06230234716479554, "(6;5)": 0.05697944014679727, "(7;5)": 0.05324397830868949, "(8;5)": 0.04872643876797266, "(9;5)": 0.045663687437822086, "(10;5)": 0.04256587106153236, "(11;5)": 0.039558510727354446, "(12;5)": 0.03776118781016162, "(13;5)": 0.035501855840496616, "(14;5)": 0.03379106780976562, "(15;5)": 0.032341337888382025, "(16;5)": 0.031005437462980297, "(17;5)": 0.029834916993552743, "(18;5)": 0.028681659544130718, "(19;5)": 0.027689810277618656, "(20;5)": 0.026823476605572733, "(21;5)": 0.025941816485748587, "(22;5)": 0.025115734283236036, "(23;5)": 0.02456611308581436, "(24;5)": 0.023862689789247694, "(25;5)": 0.023122607222400077, "(26;5)": 0.022622665546797625, "(27;5)": 0.022054782243748048, "(28;5)": 0.02150198919287909, "(29;5)": 0.021076878739358863, "(30;5)": 0.020695543570336136, "(2;6)": 0.054629929053696506, "(3;6)": 0.04720157930529613, "(4;6)": 0.04342086046467256, "(5;6)": 0.03882698837028664, "(6;6)": 0.03646357796309805, "(7;6)": 0.033979078333671656, "(8;6)": 0.03157835123999891, "(9;6)": 0.02924789073807468, "(10;6)": 0.02732037153219881, "(11;6)": 0.025577506149422263, "(12;6)": 0.02436001926430527, "(13;6)": 0.02320564001772505, "(14;6)": 0.02225344008848326, "(15;6)": 0.021366394990571587, "(16;6)": 0.02058993566724737, "(17;6)": 0.01993392524901904, "(18;6)": 0.019289751892769796, "(19;6)": 0.018758802373982763, "(20;6)": 0.018192703516293915, "(21;6)": 0.01763272087482898, "(22;6)": 0.017318425977043483, "(23;6)": 0.016927672545738157, "(24;6)": 0.016566818123023522, "(25;6)": 0.0163878083735734, "(26;6)": 0.016068653705518667, "(27;6)": 0.015635962691822356, "(28;6)": 0.015490867183217471, "(29;6)": 0.015156327350629266, "(30;6)": 0.014941732097730576, "Better coclustering": "(2;2)"}