{"(2;2)": 1.0055497884977405, "(3;2)": 0.7482747404070071, "(4;2)": 0.658020711707431, "(5;2)": 0.569063810830569, "(6;2)": 0.4919507732437307, "(7;2)": 0.4610027770615347, "(8;2)": 0.42008997169942536, "(9;2)": 0.4031351030322845, "(10;2)": 0.3684991426671939, "(11;2)": 0.34364526538831763, "(12;2)": 0.3223720788891662, "(13;2)": 0.3049237044606966, "(14;2)": 0.2907413405293008, "(15;2)": 0.2772139742454464, "(16;2)": 0.26172277847082254, "(17;2)": 0.25158114954991145, "(18;2)": 0.23983086674584606, "(19;2)": 0.22741614703667845, "(20;2)": 0.21894418033157437, "(21;2)": 0.2100507631390282, "(22;2)": 0.19863944843407227, "(23;2)": 0.19404634106177673, "(24;2)": 0.1863289343935226, "(25;2)": 0.18112708810794634, "(26;2)": 0.17225465444753316, "(27;2)": 0.16741648885343613, "(28;2)": 0.16301670767504836, "(29;2)": 0.15841389069929404, "(30;2)": 0.15621002667833322, "(2;3)": 0.11434023033777578, "(3;3)": 0.08284916563631398, "(4;3)": 0.07921224282332003, "(5;3)": 0.07194339258427233, "(6;3)": 0.07898051539738221, "(7;3)": 0.07955819290346772, "(8;3)": 0.07800487305519092, "(9;3)": 0.0695539024267487, "(10;3)": 0.06507049631774142, "(11;3)": 0.06049342531051998, "(12;3)": 0.057183009309866945, "(13;3)": 0.054372266167461165, "(14;3)": 0.05231198239180055, "(15;3)": 0.04976170373335788, "(16;3)": 0.04779499059952064, "(17;3)": 0.04555533844563841, "(18;3)": 0.043047245085975516, "(19;3)": 0.042266701979449185, "(20;3)": 0.042392002769051175, "(21;3)": 0.038212584184325764, "(22;3)": 0.03770507331607081, "(23;3)": 0.03804351598773053, "(24;3)": 0.03656490119017806, "(25;3)": 0.03636125219989805, "(26;3)": 0.035694875641312594, "(27;3)": 0.03407531515669726, "(28;3)": 0.03365586123377719, "(29;3)": 0.033052090895989907, "(30;3)": 0.032601388462866594, "(2;4)": 0.019523380641441747, "(3;4)": 0.031847742659805243, "(4;4)": 0.03218805865348551, "(5;4)": 0.0382459104501559, "(6;4)": 0.03568472231306162, "(7;4)": 0.03352469122890846, "(8;4)": 0.03065208712026295, "(9;4)": 0.029584541914491932, "(10;4)": 0.02784861937290519, "(11;4)": 0.026048712175556175, "(12;4)": 0.025029884360959834, "(13;4)": 0.02409986738444484, "(14;4)": 0.022736572331103516, "(15;4)": 0.022421365421375693, "(16;4)": 0.021419615550910164, "(17;4)": 0.021369449934198675, "(18;4)": 0.0203494784211085, "(19;4)": 0.020298241508241176, "(20;4)": 0.019292815323635158, "(21;4)": 0.019037750276030194, "(22;4)": 0.018970683470747176, "(23;4)": 0.01862399679490486, "(24;4)": 0.018281491856914685, "(25;4)": 0.01774770730640678, "(26;4)": 0.01746700851559601, "(27;4)": 0.017411082971603545, "(28;4)": 0.01714652785546082, "(29;4)": 0.016921112455497357, "(30;4)": 0.016776227355076244, "(2;5)": 0.028698570154950347, "(3;5)": 0.028750004673949225, "(4;5)": 0.02477067681038847, "(5;5)": 0.020487470170425043, "(6;5)": 0.020466226682297535, "(7;5)": 0.02082092151066034, "(8;5)": 0.01960220959448234, "(9;5)": 0.020031057662675104, "(10;5)": 0.020011975953037896, "(11;5)": 0.02023986452948703, "(12;5)": 0.018669391543951135, "(13;5)": 0.019203481252275993, "(14;5)": 0.01849407944111795, "(15;5)": 0.017740185932112695, "(16;5)": 0.017816593292119272, "(17;5)": 0.016950662599532793, "(18;5)": 0.017244804825845592, "(19;5)": 0.01591738672358887, "(20;5)": 0.016820662603167173, "(21;5)": 0.016612538051066585, "(22;5)": 0.015232134211083343, "(23;5)": 0.015830537996816073, "(24;5)": 0.015582137266541592, "(25;5)": 0.01559787609211158, "(26;5)": 0.015171071707446833, "(27;5)": 0.014853252693878414, "(28;5)": 0.014961513724669778, "(29;5)": 0.014259402946934247, "(30;5)": 0.014017541896451532, "(2;6)": 0.01713262335763927, "(3;6)": 0.025031652061428003, "(4;6)": 0.024169299802345376, "(5;6)": 0.022744194101901857, "(6;6)": 0.022361780241989173, "(7;6)": 0.020675249419412865, "(8;6)": 0.020063667765053996, "(9;6)": 0.018678281374392997, "(10;6)": 0.018347031185153257, "(11;6)": 0.018120510800572302, "(12;6)": 0.017688773687779175, "(13;6)": 0.01716779695436583, "(14;6)": 0.017006872346792823, "(15;6)": 0.016987412474430755, "(16;6)": 0.016348763446149796, "(17;6)": 0.016346339057653345, "(18;6)": 0.016031954814333536, "(19;6)": 0.015709157369576003, "(20;6)": 0.015619864924252654, "(21;6)": 0.015240301443671021, "(22;6)": 0.015141502123329757, "(23;6)": 0.015106451768333574, "(24;6)": 0.014567652408901332, "(25;6)": 0.014475798339225666, "(26;6)": 0.014285541446358439, "(27;6)": 0.014252569749880692, "(28;6)": 0.01390377211277435, "(29;6)": 0.013901565220485527, "(30;6)": 0.013847552986407509, "Better coclustering": "(2;2)"}