{"(2;2)": 0.0026534201203576436, "(3;2)": 0.003102575655031326, "(4;2)": 0.004336974520001667, "(5;2)": 0.005204136991164337, "(6;2)": 0.006055999893462216, "(7;2)": 0.0061969961399720086, "(8;2)": 0.006817649783062116, "(9;2)": 0.007603736222451883, "(10;2)": 0.008005572095336339, "(11;2)": 0.008268499952363409, "(12;2)": 0.00900128133156606, "(13;2)": 0.009822768706734587, "(14;2)": 0.010437158235086013, "(15;2)": 0.010817508296672048, "(16;2)": 0.011519053902186684, "(17;2)": 0.012308686355898386, "(18;2)": 0.012963190343219287, "(19;2)": 0.013870533687923185, "(20;2)": 0.013744103664592767, "(21;2)": 0.014189807680106897, "(22;2)": 0.015010813844136781, "(23;2)": 0.015666254896119544, "(24;2)": 0.016127105232558572, "(25;2)": 0.01642286320408834, "(26;2)": 0.017327633568594496, "(27;2)": 0.01788751650474298, "(28;2)": 0.0160532534590417, "(29;2)": 0.019002199140283813, "(30;2)": 0.01786962499978224, "(2;3)": 0.0004933404066080905, "(3;3)": -0.0003379898814705685, "(4;3)": -0.0006228306966738855, "(5;3)": -0.0007250410052377336, "(6;3)": -0.0012138419157702379, "(7;3)": -0.0014372439390522304, "(8;3)": -0.0016258511649537982, "(9;3)": -0.0021685680154271726, "(10;3)": -0.0023989798763213773, "(11;3)": -0.0026397301304177142, "(12;3)": -0.00313065483134658, "(13;3)": -0.0033954405504517497, "(14;3)": -0.003680366024928195, "(15;3)": -0.003913600542036605, "(16;3)": -0.004068648850708438, "(17;3)": -0.004372027132367776, "(18;3)": -0.00492146593564262, "(19;3)": -0.007148669978958612, "(20;3)": -0.007562656257537773, "(21;3)": -0.008069533410609278, "(22;3)": -0.007462856634780207, "(23;3)": -0.008634862705071737, "(24;3)": -0.008148567269961557, "(25;3)": -0.01102343164824474, "(26;3)": -0.01068109371045881, "(27;3)": -0.011595948783247588, "(28;3)": -0.011737702684463612, "(29;3)": -0.012189426751905782, "(30;3)": -0.013005521025646793, "(2;4)": 0.00018733283660089597, "(3;4)": -0.00010321934648898251, "(4;4)": -0.0005844866013715186, "(5;4)": -0.0007972046188974166, "(6;4)": -0.0019845391440400715, "(7;4)": -0.0022819457749357255, "(8;4)": -0.0026864230702436233, "(9;4)": -0.0036771846548843967, "(10;4)": -0.004074998121889633, "(11;4)": -0.004773864096308342, "(12;4)": -0.005209368288219893, "(13;4)": -0.005636409265295374, "(14;4)": -0.006068809438636102, "(15;4)": -0.006526349673537908, "(16;4)": -0.006949446037214311, "(17;4)": -0.007328866387033771, "(18;4)": -0.007791529249078855, "(19;4)": -0.008227270598471845, "(20;4)": -0.008646979115499758, "(21;4)": -0.009294674862522913, "(22;4)": -0.009838306885652057, "(23;4)": -0.010262539426279998, "(24;4)": -0.01079744669901309, "(25;4)": -0.011236427684507213, "(26;4)": -0.011725013691065576, "(27;4)": -0.012025689740204357, "(28;4)": -0.013212719381633821, "(29;4)": -0.013095983727151454, "(30;4)": -0.014176686563297696, "(2;5)": -0.00018492830750254646, "(3;5)": -0.0004658012821186934, "(4;5)": -0.0004491238623174989, "(5;5)": -0.0006506668462671924, "(6;5)": -0.0010793376653213203, "(7;5)": -0.0012401581610299935, "(8;5)": -0.001497917068834899, "(9;5)": -0.001718953802530411, "(10;5)": -0.0018904932247865167, "(11;5)": -0.0029546531333720163, "(12;5)": -0.0035050036101260257, "(13;5)": -0.0038460311670925795, "(14;5)": -0.005420404176797324, "(15;5)": -0.004565066269088385, "(16;5)": -0.006459815153056225, "(17;5)": -0.007184657905781537, "(18;5)": -0.007492823964914422, "(19;5)": -0.008162715646572453, "(20;5)": -0.008467457860735866, "(21;5)": -0.009263713825761619, "(22;5)": -0.009526921123782327, "(23;5)": -0.009951694010188554, "(24;5)": -0.010360814938389046, "(25;5)": -0.010788400247148507, "(26;5)": -0.011199843256274392, "(27;5)": -0.01164845760930531, "(28;5)": -0.012059314398209049, "(29;5)": -0.012705124373313805, "(30;5)": -0.012902073577858022, "(2;6)": -3.190919364117945e-05, "(3;6)": -8.451692615591496e-05, "(4;6)": -0.00021180838426955036, "(5;6)": -0.0003515586427540012, "(6;6)": -0.0005879303739232475, "(7;6)": -0.0007617286613911759, "(8;6)": -0.0007593975764429907, "(9;6)": -0.0010274629137969563, "(10;6)": -0.0009669937025182439, "(11;6)": -0.001171205276957635, "(12;6)": -0.001345023011701181, "(13;6)": -0.001538497093513235, "(14;6)": -0.0016134546550286744, "(15;6)": -0.001873406536577679, "(16;6)": -0.0018837045034595578, "(17;6)": -0.002093521334156022, "(18;6)": -0.0023725350833438364, "(19;6)": -0.002310248545353511, "(20;6)": -0.0029216172031820142, "(21;6)": -0.0026437547192114906, "(22;6)": -0.0028301601953409057, "(23;6)": -0.003459070964192668, "(24;6)": -0.003167385121528559, "(25;6)": -0.0037360214480345435, "(26;6)": -0.003477117552459486, "(27;6)": -0.003922177075825572, "(28;6)": -0.0035686307770520518, "(29;6)": -0.0037427590677208233, "(30;6)": -0.004530028423784957, "Better coclustering": "(29;2)"}