{"(2;2)": 0.002132610711278219, "(3;2)": 0.0032930627588951883, "(4;2)": 0.004233053812423112, "(5;2)": 0.005210761960229765, "(6;2)": 0.0062494932568841295, "(7;2)": 0.007016004646699948, "(8;2)": 0.0072387639230935144, "(9;2)": 0.008819365865272396, "(10;2)": 0.008836568175612559, "(11;2)": 0.009185279426302234, "(12;2)": 0.009706212831479667, "(13;2)": 0.01080020911173948, "(14;2)": 0.011769845809903388, "(15;2)": 0.01150386994807179, "(16;2)": 0.011536664573249382, "(17;2)": 0.01210131656900429, "(18;2)": 0.01359028489005519, "(19;2)": 0.013555286673416087, "(20;2)": 0.014998218425562287, "(21;2)": 0.015651877285943062, "(22;2)": 0.015425246911809687, "(23;2)": 0.015355860161976044, "(24;2)": 0.01627283277032681, "(25;2)": 0.01693247757134014, "(26;2)": 0.018125278250773695, "(27;2)": 0.018677845762351413, "(28;2)": 0.017916363542717965, "(29;2)": 0.01819163351566641, "(30;2)": 0.020019530918435672, "(2;3)": 0.00026774217944614166, "(3;3)": -7.878263295697576e-05, "(4;3)": -0.00021826698052924512, "(5;3)": -0.00036621791747179207, "(6;3)": -0.001168059446450034, "(7;3)": -0.0013604253150099636, "(8;3)": -0.0021587004624244598, "(9;3)": -0.0025232699498785264, "(10;3)": -0.00300871522485809, "(11;3)": -0.0031305766130050408, "(12;3)": -0.003597168681686199, "(13;3)": -0.003929390560089641, "(14;3)": -0.00424507895069534, "(15;3)": -0.0045469059668083395, "(16;3)": -0.004820092911312897, "(17;3)": -0.005111124890913188, "(18;3)": -0.005466193660936368, "(19;3)": -0.005664542624626953, "(20;3)": -0.006037975081051619, "(21;3)": -0.00662029909902878, "(22;3)": -0.0065147564651870885, "(23;3)": -0.0073737397256304705, "(24;3)": -0.007701948960513914, "(25;3)": -0.007909242017782751, "(26;3)": -0.008254268370317445, "(27;3)": -0.008605808322445915, "(28;3)": -0.009378239264634648, "(29;3)": -0.009966270271774243, "(30;3)": -0.009809312984646466, "(2;4)": 0.00016313087989545098, "(3;4)": -1.2161580573539044e-05, "(4;4)": -6.819195322083016e-05, "(5;4)": -0.0004137487014502946, "(6;4)": -0.0005450608443161894, "(7;4)": -0.0006418771820860586, "(8;4)": -0.0007417478229529574, "(9;4)": -0.001184119675228072, "(10;4)": -0.0013808856122152211, "(11;4)": -0.0015129259466156915, "(12;4)": -0.001658227849375196, "(13;4)": -0.0017920958197961967, "(14;4)": -0.0019775630958338113, "(15;4)": -0.002129010740234512, "(16;4)": -0.003314973477109264, "(17;4)": -0.0028563545249809695, "(18;4)": -0.002590209822014284, "(19;4)": -0.0036946430809657914, "(20;4)": -0.0036997993902320257, "(21;4)": -0.0034922546065596833, "(22;4)": -0.003754573600932736, "(23;4)": -0.005282042681224526, "(24;4)": -0.0055265828992652815, "(25;4)": -0.0060699303908417716, "(26;4)": -0.0047359307093410635, "(27;4)": -0.006670591249657524, "(28;4)": -0.006847509205578595, "(29;4)": -0.007696536777200921, "(30;4)": -0.007510417562527618, "(2;5)": -5.839221395106013e-05, "(3;5)": -0.00027260140303261154, "(4;5)": -0.0006036087683510772, "(5;5)": -0.0005171285316553823, "(6;5)": -0.0006112074556175669, "(7;5)": -0.0007730805070433906, "(8;5)": -0.0008723532004761091, "(9;5)": -0.0010317291468934031, "(10;5)": -0.0011459318835062991, "(11;5)": -0.0014710834041162862, "(12;5)": -0.0016507857056948525, "(13;5)": -0.001766871274072193, "(14;5)": -0.0018913681228387217, "(15;5)": -0.0021201341683250996, "(16;5)": -0.0021204311539267085, "(17;5)": -0.002318823633812351, "(18;5)": -0.0026249850452366844, "(19;5)": -0.002743293441561239, "(20;5)": -0.003018151276300125, "(21;5)": -0.003003407659912499, "(22;5)": -0.004468110139479643, "(23;5)": -0.0037818563094278402, "(24;5)": -0.0033967655851040194, "(25;5)": -0.00415163108872727, "(26;5)": -0.0036932123270728653, "(27;5)": -0.00432072969281376, "(28;5)": -0.0041870462757383035, "(29;5)": -0.005105185433311574, "(30;5)": -0.004769357523791551, "(2;6)": 0.0001947134889259432, "(3;6)": 0.00011935668717847339, "(4;6)": 8.728921326981743e-05, "(5;6)": 6.772096809437613e-06, "(6;6)": -3.573406165761439e-05, "(7;6)": -9.047639603067556e-05, "(8;6)": -0.00011653268482199196, "(9;6)": -0.0002075402020130556, "(10;6)": -0.00032912344330325767, "(11;6)": -0.00036452917333229176, "(12;6)": -0.0004599093640762667, "(13;6)": -0.000531270973323557, "(14;6)": -0.0007854002081295423, "(15;6)": -0.0008544895511288831, "(16;6)": -0.0010989772441605255, "(17;6)": -0.0011119577975201866, "(18;6)": -0.001158466793073727, "(19;6)": -0.0012507208869192966, "(20;6)": -0.0014752443172744878, "(21;6)": -0.0014663013263871711, "(22;6)": -0.001629000874465204, "(23;6)": -0.0016971146580692955, "(24;6)": -0.0018343386135506283, "(25;6)": -0.0019373334065021714, "(26;6)": -0.001953229535027578, "(27;6)": -0.0021719095976752904, "(28;6)": -0.0022153042460922234, "(29;6)": -0.002552103317136197, "(30;6)": -0.002660260173443316, "Better coclustering": "(30;2)"}