{"(2;2)": 0.002071059819058794, "(3;2)": 0.0027150099921911504, "(4;2)": 0.003213027916970716, "(5;2)": 0.003722971818138124, "(6;2)": 0.003704189487326585, "(7;2)": 0.004239142597916336, "(8;2)": 0.00474407625347477, "(9;2)": 0.00509458292246429, "(10;2)": 0.005693430075294078, "(11;2)": 0.006280358147131377, "(12;2)": 0.007039726313045731, "(13;2)": 0.007010810417255217, "(14;2)": 0.007736718301446119, "(15;2)": 0.00833603514752171, "(16;2)": 0.008601824356182227, "(17;2)": 0.0090383812800947, "(18;2)": 0.008591258332366729, "(19;2)": 0.009373382583736682, "(20;2)": 0.009876083934593766, "(21;2)": 0.009945532054348427, "(22;2)": 0.010575363935992706, "(23;2)": 0.010895704194383637, "(24;2)": 0.01133766679117329, "(25;2)": 0.0117436275153596, "(26;2)": 0.01186773527894341, "(27;2)": 0.00555382922233481, "(28;2)": 0.013186637981022193, "(29;2)": 0.00629122973047327, "(30;2)": 0.007064055183855839, "(2;3)": 0.0001511760826557357, "(3;3)": -0.00015522927315593854, "(4;3)": -0.0002487939574805696, "(5;3)": -0.00029932930413155466, "(6;3)": -0.0005302777461203794, "(7;3)": -0.0007276168153503874, "(8;3)": -0.0017909265636164985, "(9;3)": -0.0020623164827602773, "(10;3)": -0.0022632406827500164, "(11;3)": -0.0033679478836348272, "(12;3)": -0.003691983040667331, "(13;3)": -0.004010697624402573, "(14;3)": -0.0041138799395577935, "(15;3)": -0.004563627183966641, "(16;3)": -0.005136132773621334, "(17;3)": -0.005288888689087611, "(18;3)": -0.0068999932054430325, "(19;3)": -0.007759661439703857, "(20;3)": -0.0059818213841320855, "(21;3)": -0.008648308704524871, "(22;3)": -0.009010230803523528, "(23;3)": -0.00957198038414674, "(24;3)": -0.009975801745172, "(25;3)": -0.011190805125707224, "(26;3)": -0.01116384796285456, "(27;3)": -0.010744524995261934, "(28;3)": -0.011487820941382359, "(29;3)": -0.011987524405320958, "(30;3)": -0.013892380642451596, "(2;4)": 0.00010298139306091252, "(3;4)": -0.00014960344687616785, "(4;4)": -0.0008536298461632834, "(5;4)": -0.0012116309373261219, "(6;4)": -0.0017864269011602448, "(7;4)": -0.002106495577057987, "(8;4)": -0.0023971417222417514, "(9;4)": -0.002721948871154203, "(10;4)": -0.004102957022634776, "(11;4)": -0.004511651316026611, "(12;4)": -0.004963137001889209, "(13;4)": -0.005538111811297007, "(14;4)": -0.006112870019557895, "(15;4)": -0.006742022481200815, "(16;4)": -0.007102935638778349, "(17;4)": -0.007519575878495328, "(18;4)": -0.007983448699665618, "(19;4)": -0.008714726718845345, "(20;4)": -0.009330976412561776, "(21;4)": -0.009290855247495922, "(22;4)": -0.010399135536754374, "(23;4)": -0.010757998509568089, "(24;4)": -0.010915138826771425, "(25;4)": -0.01157261063410567, "(26;4)": -0.01198382702400904, "(27;4)": -0.012500084301050792, "(28;4)": -0.013170115828408166, "(29;4)": -0.013653042050194054, "(30;4)": -0.013953287074256259, "(2;5)": 3.647339168586187e-05, "(3;5)": -4.8866750209264946e-05, "(4;5)": -0.0001777678378492272, "(5;5)": -0.00038372430057528466, "(6;5)": -0.0005807589969967565, "(7;5)": -0.0009553965079863145, "(8;5)": -0.0010490059364396448, "(9;5)": -0.0012146314919621092, "(10;5)": -0.0014831872524209446, "(11;5)": -0.0014780019487562453, "(12;5)": -0.0017210789938669644, "(13;5)": -0.0019221088858410857, "(14;5)": -0.0020929534755874776, "(15;5)": -0.0022795437401227393, "(16;5)": -0.0027161992123270378, "(17;5)": -0.0028527091246342276, "(18;5)": -0.0029461543492693585, "(19;5)": -0.0030085241738700974, "(20;5)": -0.003055794113895662, "(21;5)": -0.0032007557770364395, "(22;5)": -0.0033626889711477932, "(23;5)": -0.004138384575436719, "(24;5)": -0.004006352727880771, "(25;5)": -0.004371556224788047, "(26;5)": -0.004234599056195034, "(27;5)": -0.004258155581933587, "(28;5)": -0.004198629563263715, "(29;5)": -0.004752102533748393, "(30;5)": -0.005521084172014529, "(2;6)": 3.741359915671683e-05, "(3;6)": -0.00010215599319772868, "(4;6)": -0.00017321669859483033, "(5;6)": -0.00024288450528926097, "(6;6)": -0.0003407143612945651, "(7;6)": -0.0004288060431601567, "(8;6)": -0.0004402213619385348, "(9;6)": -0.0004934206112641976, "(10;6)": -0.0005754405397094924, "(11;6)": -0.0006518236821575721, "(12;6)": -0.0007006265353406422, "(13;6)": -0.000751937780638427, "(14;6)": -0.0008781032016573436, "(15;6)": -0.0009809827879329889, "(16;6)": -0.0009418835607517104, "(17;6)": -0.001153560171715768, "(18;6)": -0.001203195131623066, "(19;6)": -0.001273520326340207, "(20;6)": -0.0014684007026085253, "(21;6)": -0.0016322905864282035, "(22;6)": -0.0018315434840127246, "(23;6)": -0.0017650439227442868, "(24;6)": -0.001698149374714302, "(25;6)": -0.001736639276168449, "(26;6)": -0.001960255357741628, "(27;6)": -0.001979151428778157, "(28;6)": -0.0024274531241738357, "(29;6)": -0.0022509854135752787, "(30;6)": -0.0023805273621095423, "Better coclustering": "(28;2)"}