{"(2;2)": 0.002098015126194637, "(3;2)": 0.0031964733419258054, "(4;2)": 0.004281920775564396, "(5;2)": 0.005365477113090823, "(6;2)": 0.006287421030296347, "(7;2)": 0.007287128868862959, "(8;2)": 0.008335465962598319, "(9;2)": 0.009154617704212251, "(10;2)": 0.010061493616429865, "(11;2)": 0.008002431712536227, "(12;2)": 0.010053230956206067, "(13;2)": 0.009414369248438375, "(14;2)": 0.010341230624094476, "(15;2)": 0.010922073968195235, "(16;2)": 0.011397896109697962, "(17;2)": 0.013319796018738733, "(18;2)": 0.01355758267829583, "(19;2)": 0.014649537202985957, "(20;2)": 0.015021428685026443, "(21;2)": 0.01609233112505375, "(22;2)": 0.015648061611817567, "(23;2)": 0.015206923478183537, "(24;2)": 0.01617814133740029, "(25;2)": 0.016675494817467253, "(26;2)": 0.017234500520277533, "(27;2)": 0.017679422191391025, "(28;2)": 0.017812761841173322, "(29;2)": 0.01752739161524696, "(30;2)": 0.019358430824399243, "(2;3)": 0.0008009735969010357, "(3;3)": 0.0010843576737985668, "(4;3)": 0.0013801139460586941, "(5;3)": 0.001733845764664906, "(6;3)": 0.0020251013760762787, "(7;3)": 0.002368974392488218, "(8;3)": 0.0027143570952256925, "(9;3)": 0.002953467255000839, "(10;3)": 0.0032053555317795, "(11;3)": 0.003410611659646698, "(12;3)": 0.002741018102327092, "(13;3)": 0.002766974688258801, "(14;3)": 0.002446229986839258, "(15;3)": 0.0029456330325670125, "(16;3)": 0.0030189610771057915, "(17;3)": 0.0026342769223279294, "(18;3)": 0.0028168389984357597, "(19;3)": 0.0032400308020027503, "(20;3)": 0.002801657594294782, "(21;3)": 0.0031790405856404395, "(22;3)": 0.0032265529008906435, "(23;3)": 0.0023891474195762838, "(24;3)": 0.0036402910261383358, "(25;3)": 0.002271614091465285, "(26;3)": 0.002070080626072439, "(27;3)": 0.0017587642340697743, "(28;3)": 0.0028450417560362653, "(29;3)": 0.0027234915607097726, "(30;3)": 0.0022695837260407145, "(2;4)": 0.0004077314076302324, "(3;4)": 0.0004367391198861297, "(4;4)": 0.0005317283141266511, "(5;4)": 0.000628916870890378, "(6;4)": 0.0007683029283914893, "(7;4)": 0.0006902037633738756, "(8;4)": 0.0008349553403885599, "(9;4)": 0.000941964962313398, "(10;4)": 0.001007147950011144, "(11;4)": 0.001032551716958222, "(12;4)": 0.0010160655086364724, "(13;4)": 0.000656929906218783, "(14;4)": 0.0006397933404054751, "(15;4)": 0.0005938629007996614, "(16;4)": 0.000555532316200888, "(17;4)": 0.000618672866277962, "(18;4)": 0.0006802889337788034, "(19;4)": 0.0006494650842111775, "(20;4)": 0.000438430106791991, "(21;4)": 0.0004568920160203269, "(22;4)": 0.00013950939379273386, "(23;4)": 0.00017837855381933545, "(24;4)": 1.7041003873622748e-05, "(25;4)": -1.2992118406025888e-05, "(26;4)": 0.0001674198348542413, "(27;4)": -0.00037932721547714757, "(28;4)": 6.515838235876813e-05, "(29;4)": -0.00040137384970038065, "(30;4)": -5.529778110865877e-05, "(2;5)": 0.0004137863878365135, "(3;5)": 0.0004979248466750011, "(4;5)": 0.0005190194665813274, "(5;5)": 0.0004801876926546909, "(6;5)": 0.0005870235069817918, "(7;5)": 0.0006358239345625037, "(8;5)": 0.0006987424722403428, "(9;5)": 0.0007684365825535495, "(10;5)": 0.0008147982850301025, "(11;5)": 0.0009017434628065415, "(12;5)": 0.0005256244722026583, "(13;5)": 0.0004548924582303924, "(14;5)": 0.0004936522804006349, "(15;5)": 0.00037584509289428404, "(16;5)": 0.0004732600021848163, "(17;5)": 0.0003433468168672493, "(18;5)": 0.0003739462880050692, "(19;5)": 0.0003212086704671976, "(20;5)": 0.00034823617386676086, "(21;5)": 0.0002642295812024116, "(22;5)": 0.0002596114528659812, "(23;5)": 0.00010487550357432483, "(24;5)": 0.00015849524369928293, "(25;5)": 0.00016789881875405973, "(26;5)": 7.604779956774511e-05, "(27;5)": 0.0001534642901919027, "(28;5)": -3.5415426721765218e-06, "(29;5)": 3.4188804549605207e-05, "(30;5)": -1.8473352568919088e-05, "(2;6)": 0.0003547049552840102, "(3;6)": 0.00038641558834832674, "(4;6)": 0.00043827318297404914, "(5;6)": 0.00046432255066444143, "(6;6)": 0.0005195319831186564, "(7;6)": 0.0004627915684409285, "(8;6)": 0.0005032976093773671, "(9;6)": 0.000536423637530745, "(10;6)": 0.0005571100719972673, "(11;6)": 0.0005480102781575038, "(12;6)": 0.0005269127858118974, "(13;6)": 0.00041858317086218756, "(14;6)": 0.0008223264314983009, "(15;6)": 0.0007240257926826267, "(16;6)": 0.0006658277494149127, "(17;6)": 0.0006761715681924197, "(18;6)": 0.00042256382825186655, "(19;6)": 0.0002987726715613949, "(20;6)": 0.0003101001806251646, "(21;6)": 0.0002768668426134042, "(22;6)": 0.0002348636647214327, "(23;6)": 0.00022161203853752264, "(24;6)": 0.0001477142048437708, "(25;6)": 0.00013360347120542373, "(26;6)": 8.039090385691213e-05, "(27;6)": 3.9444441696727164e-05, "(28;6)": -1.0215906520797003e-05, "(29;6)": 3.788895641852363e-05, "(30;6)": -0.00012221851524008874, "Better coclustering": "(30;2)"}