{"(2;2)": 0.0019425818727770237, "(3;2)": 0.0028347940031274916, "(4;2)": 0.003746213464776994, "(5;2)": 0.004439684052801505, "(6;2)": 0.005294834135033904, "(7;2)": 0.006051700776615133, "(8;2)": 0.006868021138016931, "(9;2)": 0.007024934083418435, "(10;2)": 0.007673881195150462, "(11;2)": 0.008465463435136567, "(12;2)": 0.008712056540489881, "(13;2)": 0.00954348175148313, "(14;2)": 0.010187150719981322, "(15;2)": 0.01074643339082058, "(16;2)": 0.011312213734373315, "(17;2)": 0.011899375384958201, "(18;2)": 0.012509319814949038, "(19;2)": 0.013203023039043431, "(20;2)": 0.01370794075407784, "(21;2)": 0.014476275027995046, "(22;2)": 0.015125033330135932, "(23;2)": 0.01624160284363215, "(24;2)": 0.016670333903881077, "(25;2)": 0.01632982009360244, "(26;2)": 0.01693600231529754, "(27;2)": 0.018261418619576593, "(28;2)": 0.018241495863546706, "(29;2)": 0.018467363397834547, "(30;2)": 0.01883725777701696, "(2;3)": 0.0007334468692578415, "(3;3)": 0.0010174346196363934, "(4;3)": 0.0012750644002006409, "(5;3)": 0.0014292477061794986, "(6;3)": 0.0015777670677917838, "(7;3)": 0.0018787363324671185, "(8;3)": 0.002123096424716502, "(9;3)": 0.002286678242011743, "(10;3)": 0.002463804807997262, "(11;3)": 0.002575087258413639, "(12;3)": 0.0027137871842671532, "(13;3)": 0.002783689522291847, "(14;3)": 0.002854307445028666, "(15;3)": 0.0028235107897619767, "(16;3)": 0.0026974318605024407, "(17;3)": 0.0032575683694019038, "(18;3)": 0.00313293273637113, "(19;3)": 0.003612584849574666, "(20;3)": 0.003611882477551035, "(21;3)": 0.0034824945162756486, "(22;3)": 0.003967162828391573, "(23;3)": 0.004095789372289182, "(24;3)": 0.003872279823707484, "(25;3)": 0.004347699992847626, "(26;3)": 0.004235151743897479, "(27;3)": 0.004552005138289143, "(28;3)": 0.004473388586510657, "(29;3)": 0.004803682302778332, "(30;3)": 0.005030981524790026, "(2;4)": 0.00026311361226703724, "(3;4)": 0.0003761668254784087, "(4;4)": 0.00041112069542276403, "(5;4)": 0.0003949016737784559, "(6;4)": 0.0003261546783574522, "(7;4)": 0.00031778523153977906, "(8;4)": 0.00027383687234080594, "(9;4)": 0.0002451644831401034, "(10;4)": 0.00026474496025279614, "(11;4)": 0.00016039367275279956, "(12;4)": -0.00011170950741807739, "(13;4)": -0.00029630392517718317, "(14;4)": -0.0002707890826245414, "(15;4)": -0.0003521864466742273, "(16;4)": -0.00043777766024761074, "(17;4)": -0.0005371574749443858, "(18;4)": -0.000658674981345524, "(19;4)": -0.0007634133400681506, "(20;4)": -0.0007156260008116033, "(21;4)": -0.0007426547732142195, "(22;4)": -0.0008422878278160634, "(23;4)": -0.0009573067169835455, "(24;4)": -0.0010629683658342035, "(25;4)": -0.0008686278206071091, "(26;4)": -0.0012709827900128689, "(27;4)": -0.00111541568926545, "(28;4)": -0.0013317180483011144, "(29;4)": -0.0015554639650333633, "(30;4)": -0.0015427670021607332, "(2;5)": 0.00043499412863421685, "(3;5)": 0.00045430699332343346, "(4;5)": 0.0004973609470850601, "(5;5)": 0.0004986626137849375, "(6;5)": 0.0005964413957878018, "(7;5)": 0.0006227435001090432, "(8;5)": 0.0006202156982337037, "(9;5)": 0.0006165771642829815, "(10;5)": 0.0006383958943031225, "(11;5)": 0.0005545359772173373, "(12;5)": 0.0005227654657342006, "(13;5)": 0.0005383517495847396, "(14;5)": 0.0005533527535322736, "(15;5)": 0.00046277742484777636, "(16;5)": 0.0003626101386865061, "(17;5)": 0.00040076158291957304, "(18;5)": 8.698971450920692e-05, "(19;5)": 0.00029732115151189436, "(20;5)": 9.411269591020149e-05, "(21;5)": 0.0002777078949613643, "(22;5)": 0.0001825809740527665, "(23;5)": 0.00016479619886515997, "(24;5)": -0.00035614744960062677, "(25;5)": -0.00012999533127727386, "(26;5)": 8.459903421039867e-05, "(27;5)": -0.0003375398067165247, "(28;5)": -0.0005338458605469001, "(29;5)": -0.0006297796916920683, "(30;5)": -0.00033680066482438966, "(2;6)": 0.0003936606411529235, "(3;6)": 0.00039657970586954195, "(4;6)": 0.00043710179557528465, "(5;6)": 0.0004243693078242935, "(6;6)": 0.0004228780187834267, "(7;6)": 0.0003827000700913205, "(8;6)": 0.0003869224457519506, "(9;6)": 0.00037057054067991124, "(10;6)": 0.0002859755779326399, "(11;6)": 0.00029267226414615656, "(12;6)": 0.0002602454139532856, "(13;6)": 0.00022309993843945122, "(14;6)": 0.00014141333013918737, "(15;6)": 0.00015607381676661518, "(16;6)": 0.0001299515475239944, "(17;6)": 7.986828554744433e-05, "(18;6)": 6.749730177907481e-06, "(19;6)": 4.308825432948226e-05, "(20;6)": -2.3285440743494603e-05, "(21;6)": -1.7617836844353224e-05, "(22;6)": -0.0001626313350517692, "(23;6)": -0.00016059200678261658, "(24;6)": -0.0001701331851037566, "(25;6)": -0.0002840174468663378, "(26;6)": -0.0005247842408346104, "(27;6)": -0.00044493112391537826, "(28;6)": -0.000736153731538908, "(29;6)": -0.00038225157718414294, "(30;6)": -0.0007948316258125893, "Better coclustering": "(30;2)"}