{"(2;2)": 0.0019961692591606186, "(3;2)": 0.002873100420289817, "(4;2)": 0.003670079530951534, "(5;2)": 0.004455934014615432, "(6;2)": 0.005075357736420959, "(7;2)": 0.005997721851086428, "(8;2)": 0.0068960099642977465, "(9;2)": 0.007719668554324031, "(10;2)": 0.008434218409791406, "(11;2)": 0.009199942503185937, "(12;2)": 0.010045453972863274, "(13;2)": 0.010442228206454879, "(14;2)": 0.011148977105385358, "(15;2)": 0.011982626411463977, "(16;2)": 0.01280032752946414, "(17;2)": 0.013400024224560636, "(18;2)": 0.014219943618559498, "(19;2)": 0.014741219881674861, "(20;2)": 0.015557056882444338, "(21;2)": 0.015841799839078338, "(22;2)": 0.01638106842224799, "(23;2)": 0.01744818762874538, "(24;2)": 0.01812398574550905, "(25;2)": 0.01864188090580923, "(26;2)": 0.019188342084432583, "(27;2)": 0.019519438399521263, "(28;2)": 0.02072761829593318, "(29;2)": 0.021256748121018135, "(30;2)": 0.021535245485116556, "(2;3)": 0.0007642836880731979, "(3;3)": 0.001020040852101355, "(4;3)": 0.0011531584672086713, "(5;3)": 0.0013431979696603212, "(6;3)": 0.0015875517331550859, "(7;3)": 0.0017140658892835798, "(8;3)": 0.0019451136983566087, "(9;3)": 0.0020600512679732315, "(10;3)": 0.002318047479440357, "(11;3)": 0.00257822554705636, "(12;3)": 0.002857868452069857, "(13;3)": 0.0029599359514510164, "(14;3)": 0.0029990577674025806, "(15;3)": 0.003233525127887839, "(16;3)": 0.0032673514799765684, "(17;3)": 0.0032500947627041726, "(18;3)": 0.002708524034134876, "(19;3)": 0.0028037812439964224, "(20;3)": 0.00268694051996794, "(21;3)": 0.00303773714127075, "(22;3)": 0.0035866934818558948, "(23;3)": 0.0032855558703339116, "(24;3)": 0.0033527782631240814, "(25;3)": 0.003379626750798129, "(26;3)": 0.003179940899208732, "(27;3)": 0.0038451842271224747, "(28;3)": 0.003448461465589654, "(29;3)": 0.00354979041788124, "(30;3)": 0.004092570420576366, "(2;4)": 0.0001723198551926964, "(3;4)": 0.0002602301165163162, "(4;4)": 0.0002615064357922717, "(5;4)": 0.0002574557428253769, "(6;4)": 0.00025022272309036734, "(7;4)": 0.0001733374172206411, "(8;4)": 0.00018769088614501602, "(9;4)": 0.000150462483555667, "(10;4)": 0.0001517797610509342, "(11;4)": -5.463395917689445e-05, "(12;4)": -5.9386617805291155e-05, "(13;4)": -0.00025800074548622384, "(14;4)": -0.00023400814844430946, "(15;4)": -0.00033568050482060376, "(16;4)": -0.0003529479308898694, "(17;4)": -0.00037883070079065996, "(18;4)": -0.000572859655059972, "(19;4)": -0.0004926559517996214, "(20;4)": -0.000657738944213883, "(21;4)": -0.0007386735031472017, "(22;4)": -0.0008079816390854801, "(23;4)": -0.00089648548253236, "(24;4)": -0.000845929740720384, "(25;4)": -0.0011517482345400302, "(26;4)": -0.001098647873546438, "(27;4)": -0.0014282156453539166, "(28;4)": -0.001614715160010176, "(29;4)": -0.0013939730730793958, "(30;4)": -0.0013914295116948584, "(2;5)": 0.00024001285952166958, "(3;5)": 0.0004146493391447195, "(4;5)": 0.0004395081940423085, "(5;5)": 0.0004519149608907955, "(6;5)": 0.0004503062047792484, "(7;5)": 0.0004835618682176774, "(8;5)": 0.0005393164167177361, "(9;5)": 0.00048539404326394656, "(10;5)": 0.0004802444438756998, "(11;5)": 0.00046189769826440123, "(12;5)": 0.0004505225582160018, "(13;5)": 0.0004525659097094709, "(14;5)": 0.00043416778006967135, "(15;5)": 0.00043401516459999845, "(16;5)": 0.0004458999540807254, "(17;5)": 0.00048201826655997566, "(18;5)": 0.0004460700002668593, "(19;5)": 0.00039369078503566867, "(20;5)": 0.0002950205129110802, "(21;5)": 0.00040334483186607915, "(22;5)": 0.0002922604491907924, "(23;5)": 0.0002775342195892144, "(24;5)": 0.000178748158611445, "(25;5)": 0.00020336245379069793, "(26;5)": 0.00022163474234831117, "(27;5)": 0.00020363626544706267, "(28;5)": 5.221816572706422e-05, "(29;5)": 0.0001278463272819283, "(30;5)": 3.26591710957084e-05, "(2;6)": 0.0003131356117227412, "(3;6)": 0.0004117529670499222, "(4;6)": 0.0004378214311251656, "(5;6)": 0.0004605328505312778, "(6;6)": 0.00047218717907547233, "(7;6)": 0.0004908270427046484, "(8;6)": 0.00045069405588857206, "(9;6)": 0.00043999985092635493, "(10;6)": 0.0003356784445521166, "(11;6)": 0.00031519193568870044, "(12;6)": 0.00029815986781122006, "(13;6)": 0.00025300061338353957, "(14;6)": 0.00024040117455605608, "(15;6)": 0.00013628677038271035, "(16;6)": 3.530758343620647e-05, "(17;6)": -8.882528042622422e-06, "(18;6)": -3.3755059693341495e-05, "(19;6)": -4.383571943498322e-05, "(20;6)": -2.995482401350478e-05, "(21;6)": -6.863436744730416e-05, "(22;6)": -0.0002077432403877068, "(23;6)": -8.131044353043531e-05, "(24;6)": -0.0002285469114654518, "(25;6)": -0.00018892114108764581, "(26;6)": -0.00019418598473570933, "(27;6)": -0.00019173575387539446, "(28;6)": -0.0005731671449393511, "(29;6)": -0.0005051944476283888, "(30;6)": -0.0003419200902821516, "Better coclustering": "(30;2)"}