{"(2;2)": 0.0018198686938567744, "(3;2)": 0.0023589668892085853, "(4;2)": 0.0030445156045314234, "(5;2)": 0.003614166502401505, "(6;2)": 0.004042963901225969, "(7;2)": 0.004620894067694325, "(8;2)": 0.0052312327747685424, "(9;2)": 0.005787811222520387, "(10;2)": 0.006410845664442517, "(11;2)": 0.007010863725348864, "(12;2)": 0.007488655296096258, "(13;2)": 0.008067437144839639, "(14;2)": 0.00859682597308909, "(15;2)": 0.009221149019854743, "(16;2)": 0.009817958212841382, "(17;2)": 0.010457646186002877, "(18;2)": 0.010965021195497972, "(19;2)": 0.011584902383316796, "(20;2)": 0.012130046639372035, "(21;2)": 0.0127252261451399, "(22;2)": 0.01341488639794761, "(23;2)": 0.013909308231805022, "(24;2)": 0.014147802859027283, "(25;2)": 0.014869786904069659, "(26;2)": 0.01595185439520437, "(27;2)": 0.015761180179159746, "(28;2)": 0.01623899822309391, "(29;2)": 0.01692315557304672, "(30;2)": 0.017543354715739326, "(2;3)": 0.0003384608205361452, "(3;3)": -0.00040730127811670913, "(4;3)": -0.0006048682079093447, "(5;3)": -0.000823248976023658, "(6;3)": -0.001009232126151542, "(7;3)": -0.0011766940242324462, "(8;3)": -0.0013552745823920982, "(9;3)": -0.001795712558667463, "(10;3)": -0.0019936443277526095, "(11;3)": -0.0021512864797146496, "(12;3)": -0.0023965151686475604, "(13;3)": -0.0025934896812918598, "(14;3)": -0.0027833289854660563, "(15;3)": -0.0029997204786718955, "(16;3)": -0.003198401102097032, "(17;3)": -0.003384251457503957, "(18;3)": -0.003575501175383835, "(19;3)": -0.0037848786518861525, "(20;3)": -0.004310254964089544, "(21;3)": -0.004617109168284604, "(22;3)": -0.004795008951475123, "(23;3)": -0.005029156150201602, "(24;3)": -0.005187175064138927, "(25;3)": -0.0054298739026546255, "(26;3)": -0.005619277399981835, "(27;3)": -0.005872102124352149, "(28;3)": -0.006160928129501973, "(29;3)": -0.007149907371862481, "(30;3)": -0.007620436243361332, "(2;4)": 3.7523252302551694e-05, "(3;4)": -0.00016587221928943949, "(4;4)": -0.0006689854923082763, "(5;4)": -0.0008954605262915565, "(6;4)": -0.0020572069190060356, "(7;4)": -0.0024269340180109416, "(8;4)": -0.002981719686907498, "(9;4)": -0.003322447035620384, "(10;4)": -0.004079233582269366, "(11;4)": -0.00455583954326028, "(12;4)": -0.004914298061035067, "(13;4)": -0.0052769068066206145, "(14;4)": -0.005673486050382494, "(15;4)": -0.006190385159233658, "(16;4)": -0.006649971976848424, "(17;4)": -0.007100632581956341, "(18;4)": -0.007447794821225747, "(19;4)": -0.008020221987093302, "(20;4)": -0.009285413508246522, "(21;4)": -0.009137839259108917, "(22;4)": -0.009514337552677903, "(23;4)": -0.009761624083222092, "(24;4)": -0.010672030441894811, "(25;4)": -0.0117178857822786, "(26;4)": -0.011603467271780703, "(27;4)": -0.012704368076342879, "(28;4)": -0.012474039322493928, "(29;4)": -0.012922450064255662, "(30;4)": -0.014173616953129782, "(2;5)": 5.189239439625904e-05, "(3;5)": -0.0003193414814453974, "(4;5)": -0.0007073015390566533, "(5;5)": -0.0008818434911504404, "(6;5)": -0.0010774367687257152, "(7;5)": -0.0012182161209696434, "(8;5)": -0.0016061022088915463, "(9;5)": -0.002146267986711061, "(10;5)": -0.0024504082838725403, "(11;5)": -0.0028796777970977, "(12;5)": -0.0031148188215230207, "(13;5)": -0.003433766528102267, "(14;5)": -0.0036221542679712613, "(15;5)": -0.003921312639025477, "(16;5)": -0.0049825060589891185, "(17;5)": -0.006559613772182234, "(18;5)": -0.006933861858360718, "(19;5)": -0.007301260651057105, "(20;5)": -0.007525755226410356, "(21;5)": -0.008035466083600699, "(22;5)": -0.008399982682202699, "(23;5)": -0.008771064705140177, "(24;5)": -0.009127173605689405, "(25;5)": -0.009499612763114883, "(26;5)": -0.00985896630874023, "(27;5)": -0.010239317137448155, "(28;5)": -0.010596146426924278, "(29;5)": -0.01097379744380344, "(30;5)": -0.011326570861667455, "(2;6)": 4.704258748730836e-05, "(3;6)": 4.1070237745458043e-05, "(4;6)": -6.476441094456194e-05, "(5;6)": -8.883731752138397e-05, "(6;6)": -0.00015794180234582832, "(7;6)": -0.00026680675209357895, "(8;6)": -0.0004075582873438362, "(9;6)": -0.00046853960526420434, "(10;6)": -0.0005621053059086866, "(11;6)": -0.0005706382376145703, "(12;6)": -0.0007279392589524729, "(13;6)": -0.0007769429494627961, "(14;6)": -0.0007970982116926937, "(15;6)": -0.0009401608404966343, "(16;6)": -0.0012336498698880007, "(17;6)": -0.0011769407600102247, "(18;6)": -0.001204846478293462, "(19;6)": -0.0012230596801491055, "(20;6)": -0.00135041784722937, "(21;6)": -0.001540547060515419, "(22;6)": -0.0016716858192397325, "(23;6)": -0.0018980983025102356, "(24;6)": -0.001693613209745162, "(25;6)": -0.00214073083103207, "(26;6)": -0.0020021482097679097, "(27;6)": -0.002362970729289759, "(28;6)": -0.0023506115167417326, "(29;6)": -0.0024590714812324855, "(30;6)": -0.00253927050907217, "Better coclustering": "(30;2)"}