{"(2;2)": 0.0022504622647080462, "(3;2)": 0.003251581063136823, "(4;2)": 0.004451224240315798, "(5;2)": 0.00537985693825136, "(6;2)": 0.006086041855542738, "(7;2)": 0.006970386628636862, "(8;2)": 0.00798286140796166, "(9;2)": 0.008861443649970852, "(10;2)": 0.009272437727768831, "(11;2)": 0.009960072647812105, "(12;2)": 0.010337382233604128, "(13;2)": 0.011004931590188963, "(14;2)": 0.011832350463009074, "(15;2)": 0.01267940411623883, "(16;2)": 0.013567120559567061, "(17;2)": 0.014505607043312803, "(18;2)": 0.015136851671949106, "(19;2)": 0.016223722669783506, "(20;2)": 0.016816459709563504, "(21;2)": 0.017600390316121456, "(22;2)": 0.01728314293289193, "(23;2)": 0.018120398894177592, "(24;2)": 0.01883130710607673, "(25;2)": 0.019492592159210974, "(26;2)": 0.020340514741585932, "(27;2)": 0.020765726409592577, "(28;2)": 0.021484561554667502, "(29;2)": 0.020913835028668927, "(30;2)": 0.02251579857186299, "(2;3)": 0.0008559099425923286, "(3;3)": 0.0013048845080824727, "(4;3)": 0.0015727161267746759, "(5;3)": 0.0018953627972377316, "(6;3)": 0.0017526825751312518, "(7;3)": 0.0021670676537622986, "(8;3)": 0.0018334923170334277, "(9;3)": 0.0020238116613365107, "(10;3)": 0.002146984542724877, "(11;3)": 0.0022714770677232203, "(12;3)": 0.0012235665142437777, "(13;3)": 0.0012328889119898854, "(14;3)": 0.0015005440046027595, "(15;3)": 0.0013510017072236057, "(16;3)": 0.0014189967838771494, "(17;3)": 0.001393782043008548, "(18;3)": 0.001026200325464192, "(19;3)": 0.0013468080107841842, "(20;3)": 0.0015143281134945505, "(21;3)": 0.00025153521163850386, "(22;3)": 0.0001812845019067471, "(23;3)": -3.0063309995444543e-05, "(24;3)": 7.693042483431657e-05, "(25;3)": -0.0002901797317668664, "(26;3)": -0.00016151606731114557, "(27;3)": -5.249585206599988e-05, "(28;3)": 0.00013953416448941856, "(29;3)": -0.0006174011585443273, "(30;3)": 0.0006075156506311789, "(2;4)": 0.00017924591168005675, "(3;4)": 0.00033305634646144295, "(4;4)": 0.0004640314933099226, "(5;4)": 0.0005104003436583247, "(6;4)": 0.0005502765664125333, "(7;4)": 0.0001949478070324918, "(8;4)": 0.0001437451468017237, "(9;4)": 0.00014418605993412071, "(10;4)": 9.485627082356827e-05, "(11;4)": 0.00011513789409950651, "(12;4)": 5.000466050185884e-05, "(13;4)": 5.797243311658715e-05, "(14;4)": -3.841253718297477e-05, "(15;4)": -6.288735612684448e-05, "(16;4)": -0.0006591871225846065, "(17;4)": -0.0007468126500723829, "(18;4)": -0.0003880584685513976, "(19;4)": -0.000611314887401255, "(20;4)": -0.0007704592809614679, "(21;4)": -0.0007967743725002626, "(22;4)": -0.0011178322450634036, "(23;4)": -0.0009190878194988434, "(24;4)": -0.0009414683589279196, "(25;4)": -0.001583588609469042, "(26;4)": -0.001598259931650967, "(27;4)": -0.001610935212851467, "(28;4)": -0.0014507405111200311, "(29;4)": -0.002155219974217627, "(30;4)": -0.001570078574449018, "(2;5)": 0.0005610261025229913, "(3;5)": 0.0005395711396866728, "(4;5)": 0.0005845767570777715, "(5;5)": 0.0006676193165665797, "(6;5)": 0.0006145502595094275, "(7;5)": 0.0005273278056463068, "(8;5)": 0.0005329808622074317, "(9;5)": 0.0005239118098815399, "(10;5)": 0.0004857517030694996, "(11;5)": 0.00048591408158249857, "(12;5)": 0.0004511976064496844, "(13;5)": 0.0005223569309653279, "(14;5)": 0.0004409934186379602, "(15;5)": 0.0005674102536270332, "(16;5)": 0.0004481491378490028, "(17;5)": 0.0005270739240540802, "(18;5)": 0.0004126630970046909, "(19;5)": 0.0004769138521879881, "(20;5)": 0.00045855957568289083, "(21;5)": 0.00010148873254650397, "(22;5)": 0.00013406981204089875, "(23;5)": 4.732162091617881e-05, "(24;5)": 9.276795396485838e-05, "(25;5)": -0.0002497159928119246, "(26;5)": -0.0004334921487302382, "(27;5)": -0.0005023846957629553, "(28;5)": -0.0005625167910396329, "(29;5)": -0.0003865428437004822, "(30;5)": -0.0005742208683803194, "(2;6)": 0.0005469155421614568, "(3;6)": 0.0003740455094003894, "(4;6)": 0.000442262353491946, "(5;6)": 0.00046412079569658793, "(6;6)": 0.00046535288014038173, "(7;6)": 0.0004906530938251445, "(8;6)": 0.00033696728094596785, "(9;6)": 0.0003344705129722212, "(10;6)": 0.0003908581834404784, "(11;6)": 0.00011777852924603816, "(12;6)": -1.7424644039402024e-05, "(13;6)": 0.000143690545643375, "(14;6)": 4.652560127843082e-05, "(15;6)": -6.937463440017709e-05, "(16;6)": -6.909447914401453e-05, "(17;6)": -1.1648624936634642e-05, "(18;6)": -0.00020425865726510808, "(19;6)": -0.00047010065284685827, "(20;6)": -0.0008568561252269063, "(21;6)": -0.0008309938091235752, "(22;6)": -0.0008203705790168251, "(23;6)": -0.00040259366945590746, "(24;6)": -0.0008358359723463726, "(25;6)": -0.0012351983604219257, "(26;6)": -0.000986282220104199, "(27;6)": -0.0009393542785076018, "(28;6)": -0.0009782490909004842, "(29;6)": -0.000778422453547552, "(30;6)": -0.001075748361660759, "Better coclustering": "(30;2)"}