{"(2;2)": 0.001969403006352017, "(3;2)": 0.0026923891216929807, "(4;2)": 0.003565113925924638, "(5;2)": 0.004550545428256994, "(6;2)": 0.004475575165913988, "(7;2)": 0.00514845938780171, "(8;2)": 0.005701198357988732, "(9;2)": 0.006476954110451997, "(10;2)": 0.00716796143925374, "(11;2)": 0.007218114823556032, "(12;2)": 0.00804715358782258, "(13;2)": 0.008455644577600004, "(14;2)": 0.00945096010728201, "(15;2)": 0.009776313156566203, "(16;2)": 0.010004048010019976, "(17;2)": 0.010704513428147773, "(18;2)": 0.010919813919882254, "(19;2)": 0.011696180577181057, "(20;2)": 0.012175128800007122, "(21;2)": 0.013248441545075693, "(22;2)": 0.013221146616722558, "(23;2)": 0.013491073170518267, "(24;2)": 0.013479759175278048, "(25;2)": 0.014554043376724099, "(26;2)": 0.014755702039633167, "(27;2)": 0.014833984158190327, "(28;2)": 0.015724546430473565, "(29;2)": 0.016261114020878733, "(30;2)": 0.015898437549218377, "(2;3)": 0.00018194160484842308, "(3;3)": 1.038002052307838e-05, "(4;3)": -0.0008077789371484125, "(5;3)": -0.0010052262236390378, "(6;3)": -0.0012387574498142105, "(7;3)": -0.0014716960271663592, "(8;3)": -0.0017018868712391647, "(9;3)": -0.0019117367526401054, "(10;3)": -0.0022955893309977928, "(11;3)": -0.0025229070700718706, "(12;3)": -0.002773972093564232, "(13;3)": -0.0030013301599924962, "(14;3)": -0.0033828008236484654, "(15;3)": -0.003530645872509208, "(16;3)": -0.003947076453154205, "(17;3)": -0.004297959156788783, "(18;3)": -0.004441727021785054, "(19;3)": -0.004550047579415096, "(20;3)": -0.005320596729276913, "(21;3)": -0.005224484049153787, "(22;3)": -0.0055105710712772815, "(23;3)": -0.0060397386943867905, "(24;3)": -0.006029665247199776, "(25;3)": -0.008733919822055385, "(26;3)": -0.009213296337430687, "(27;3)": -0.007375920390807568, "(28;3)": -0.009808482629558461, "(29;3)": -0.010233255214621555, "(30;3)": -0.013902141313372765, "(2;4)": 0.00010837545912049831, "(3;4)": -0.0002794443172786894, "(4;4)": -0.0006188462444274597, "(5;4)": -0.0008806950272648959, "(6;4)": -0.0016061510995457082, "(7;4)": -0.0018714624326597034, "(8;4)": -0.002200201510155078, "(9;4)": -0.002529202544199623, "(10;4)": -0.0028307149613482443, "(11;4)": -0.004524561703828129, "(12;4)": -0.00446319226595575, "(13;4)": -0.005334461451167019, "(14;4)": -0.006440221283222004, "(15;4)": -0.006875359712405513, "(16;4)": -0.007350778206299608, "(17;4)": -0.007852380189864772, "(18;4)": -0.008247866422525818, "(19;4)": -0.008715586424150849, "(20;4)": -0.009221259795067228, "(21;4)": -0.009715127816417144, "(22;4)": -0.010143222070946534, "(23;4)": -0.01059280578061591, "(24;4)": -0.011042357846685192, "(25;4)": -0.011478620668234418, "(26;4)": -0.012045449657936452, "(27;4)": -0.012508457069824156, "(28;4)": -0.012942214748779586, "(29;4)": -0.013420545539210942, "(30;4)": -0.013868356712575629, "(2;5)": -2.565120532284237e-05, "(3;5)": -0.00013502069796864075, "(4;5)": -0.0003276588804951688, "(5;5)": -0.0006365240520955528, "(6;5)": -0.0007644124423034554, "(7;5)": -0.0008807843567732463, "(8;5)": -0.0010238891437961259, "(9;5)": -0.0011448464896906812, "(10;5)": -0.0017767658369116739, "(11;5)": -0.0019434814949032741, "(12;5)": -0.0022113912219754697, "(13;5)": -0.0023803398398781293, "(14;5)": -0.002652365417628579, "(15;5)": -0.003863917878530092, "(16;5)": -0.004123564415953966, "(17;5)": -0.0036519832733567393, "(18;5)": -0.005559858076175192, "(19;5)": -0.006134285247641612, "(20;5)": -0.006754597895459081, "(21;5)": -0.007507451639509308, "(22;5)": -0.00743074121865522, "(23;5)": -0.0073493753939187, "(24;5)": -0.008548131187585066, "(25;5)": -0.008919762626877718, "(26;5)": -0.00925895110653185, "(27;5)": -0.009625391846202848, "(28;5)": -0.009378950435937455, "(29;5)": -0.009669609235703454, "(30;5)": -0.010667069466466374, "(2;6)": 6.398460905740849e-05, "(3;6)": -7.4757150713356e-07, "(4;6)": -8.379274142746024e-05, "(5;6)": -0.00015642381772080143, "(6;6)": -0.0002661968872107273, "(7;6)": -0.00031779367877610214, "(8;6)": -0.00039337658045991226, "(9;6)": -0.0004462846521786421, "(10;6)": -0.0008327356345234358, "(11;6)": -0.0006362973177566737, "(12;6)": -0.0010004909399757562, "(13;6)": -0.0012076429702416946, "(14;6)": -0.001069453830449683, "(15;6)": -0.0012613386837580355, "(16;6)": -0.0013791597121230184, "(17;6)": -0.001701228313491539, "(18;6)": -0.0018929673415572878, "(19;6)": -0.002050447249924219, "(20;6)": -0.0020412550757633163, "(21;6)": -0.0020733994026220525, "(22;6)": -0.002003329731227362, "(23;6)": -0.002392470009455204, "(24;6)": -0.002521582353767899, "(25;6)": -0.002790964562609841, "(26;6)": -0.0027718671305944956, "(27;6)": -0.003036310120715104, "(28;6)": -0.0031129865309153654, "(29;6)": -0.003263124372966533, "(30;6)": -0.0030468527592428856, "Better coclustering": "(29;2)"}