{"(2;2)": 0.0022543415942841718, "(3;2)": 0.0032191008892655587, "(4;2)": 0.00427875024644897, "(5;2)": 0.005365226671047349, "(6;2)": 0.006239611644552472, "(7;2)": 0.007270373443569161, "(8;2)": 0.008038743556321306, "(9;2)": 0.009048918075262612, "(10;2)": 0.00987121828970252, "(11;2)": 0.010845135928201287, "(12;2)": 0.011859300021234278, "(13;2)": 0.012809196121479943, "(14;2)": 0.013778075124679993, "(15;2)": 0.014647894461708376, "(16;2)": 0.015875471711315824, "(17;2)": 0.016631405810807087, "(18;2)": 0.017718349748295188, "(19;2)": 0.0187227752613236, "(20;2)": 0.019515132680014074, "(21;2)": 0.020567595455890965, "(22;2)": 0.021448576210157444, "(23;2)": 0.022296741389768334, "(24;2)": 0.023200574097338646, "(25;2)": 0.024253634869997015, "(26;2)": 0.02543060641599304, "(27;2)": 0.026260967075562566, "(28;2)": 0.02725515974898858, "(29;2)": 0.028370101101840725, "(30;2)": 0.02925349178079788, "(2;3)": 0.0009973973128263851, "(3;3)": 0.0012057892847219432, "(4;3)": 0.0012213909276273124, "(5;3)": 0.0013762463452345719, "(6;3)": 0.0015190056381059816, "(7;3)": 0.001775351521349154, "(8;3)": 0.0019780465159933095, "(9;3)": 0.0021621257589678404, "(10;3)": 0.0022601953981615562, "(11;3)": 0.0024800906408692066, "(12;3)": 0.002045338675109864, "(13;3)": 0.0022959023613304914, "(14;3)": 0.0021125309809336794, "(15;3)": 0.0020215291386576164, "(16;3)": 0.002186553344837792, "(17;3)": 0.0024427115490166175, "(18;3)": 0.0027178643172687104, "(19;3)": 0.0028625861088557723, "(20;3)": 0.0031543080778293825, "(21;3)": 0.003050969067997408, "(22;3)": 0.003395394518652159, "(23;3)": 0.0029690649754675193, "(24;3)": 0.0036379360444632964, "(25;3)": 0.0033240829944745963, "(26;3)": 0.003397770592908948, "(27;3)": 0.0032227453623951733, "(28;3)": 0.003884641466332479, "(29;3)": 0.004205198343088923, "(30;3)": 0.002736581014032383, "(2;4)": 0.0004430815132420655, "(3;4)": 0.0005314636607037479, "(4;4)": 0.0006018732117041314, "(5;4)": 0.0007279793295597515, "(6;4)": 0.0008245878693281352, "(7;4)": 0.0008989703339496715, "(8;4)": 0.0010110050154971805, "(9;4)": 0.0010299427337980007, "(10;4)": 0.0011158357630964785, "(11;4)": 0.0011122268449015383, "(12;4)": 0.0010661406754752124, "(13;4)": 0.0011398033488919136, "(14;4)": 0.000895565260192278, "(15;4)": 0.0009599093272826342, "(16;4)": 0.0008735044192316191, "(17;4)": 0.0008416638118360288, "(18;4)": 0.0009023200982167412, "(19;4)": 0.0008211659416373738, "(20;4)": 0.0009055176519278767, "(21;4)": 0.0008874729618680337, "(22;4)": 0.0007897070761861495, "(23;4)": 0.000584704311224556, "(24;4)": 0.0009381567297853366, "(25;4)": 0.0009222063930289919, "(26;4)": 0.0005873856179789687, "(27;4)": 0.00111911636245179, "(28;4)": 0.0011581012268572287, "(29;4)": 0.0013195816215385281, "(30;4)": 0.001282896921997024, "(2;5)": 0.0005382288405301575, "(3;5)": 0.0004072746263472379, "(4;5)": 0.0004521445020253492, "(5;5)": 0.0005049036407506709, "(6;5)": 0.0005544327204328935, "(7;5)": 0.0006267096459294291, "(8;5)": 0.0006076602027259604, "(9;5)": 0.0008037238534718974, "(10;5)": 0.0006439156815665583, "(11;5)": 0.0007835161778027883, "(12;5)": 0.0007746690673046179, "(13;5)": 0.0007335112172151612, "(14;5)": 0.0005960439112862558, "(15;5)": 0.0006952506422076626, "(16;5)": 0.00046469318869313573, "(17;5)": 0.0005285586465625381, "(18;5)": 0.0006138808844054963, "(19;5)": 0.0003818167998547826, "(20;5)": 0.0003638204982920228, "(21;5)": 0.00022590740131170166, "(22;5)": 0.00020293465754887615, "(23;5)": 0.00034887498913342474, "(24;5)": 0.0002131174292330376, "(25;5)": 0.00013364323783545673, "(26;5)": 0.00024090700509818484, "(27;5)": 0.00032042100544041, "(28;5)": 0.00021707662833052126, "(29;5)": 0.00015789794197406193, "(30;5)": 0.0001571478937761499, "(2;6)": 0.00045508168364217415, "(3;6)": 0.0004659258486809742, "(4;6)": 0.00048188340866664724, "(5;6)": 0.0005387321492246034, "(6;6)": 0.0005925981694913862, "(7;6)": 0.0006374838394996734, "(8;6)": 0.0005866572828513371, "(9;6)": 0.0005038782881372247, "(10;6)": 0.0004707251450747843, "(11;6)": 0.0003411026203808052, "(12;6)": 0.00045668101124805936, "(13;6)": 0.0003574742364245187, "(14;6)": 0.0003540016043890955, "(15;6)": 0.0004000436308379486, "(16;6)": 0.0003280248782705317, "(17;6)": 0.0002450466379334589, "(18;6)": 0.0003334153833499173, "(19;6)": 0.00015281885452176312, "(20;6)": 0.00010268951245228867, "(21;6)": 0.00019693782190656608, "(22;6)": 5.992449750198003e-05, "(23;6)": 4.4932956962576384e-05, "(24;6)": -2.2337139056123234e-05, "(25;6)": -8.269458255606767e-05, "(26;6)": -6.915245186251686e-05, "(27;6)": -7.798716408392808e-05, "(28;6)": -0.00019881589730817348, "(29;6)": -0.0002712034035925439, "(30;6)": -0.00024937431458477795, "Better coclustering": "(30;2)"}