{"(2;2)": 0.001970010690833359, "(3;2)": 0.0026241743022169623, "(4;2)": 0.003424329445693497, "(5;2)": 0.0038750681968749653, "(6;2)": 0.004666576901276914, "(7;2)": 0.005362441546547843, "(8;2)": 0.0060827247468017666, "(9;2)": 0.006743877095659161, "(10;2)": 0.007351512678588066, "(11;2)": 0.008431452974730254, "(12;2)": 0.009195438154764509, "(13;2)": 0.010044528133671233, "(14;2)": 0.010991819606571982, "(15;2)": 0.011601218639998344, "(16;2)": 0.012572354411213548, "(17;2)": 0.013279205002079459, "(18;2)": 0.013879814244231983, "(19;2)": 0.014591582438467933, "(20;2)": 0.01520527113908149, "(21;2)": 0.016137128436294088, "(22;2)": 0.017164766127324243, "(23;2)": 0.017780296997841335, "(24;2)": 0.01861789844215381, "(25;2)": 0.01949783895384819, "(26;2)": 0.020281902453699888, "(27;2)": 0.020505470794917005, "(28;2)": 0.021710560740447422, "(29;2)": 0.02230865217050836, "(30;2)": 0.022938413517647766, "(2;3)": 3.214037106961006e-05, "(3;3)": -0.00016998566563560378, "(4;3)": -0.0002765995344140192, "(5;3)": -0.0004016266928438741, "(6;3)": -0.0010024213411310588, "(7;3)": -0.00108532929276647, "(8;3)": -0.0012012970869072217, "(9;3)": -0.001371429455648521, "(10;3)": -0.0014961898999396287, "(11;3)": -0.0016029081743340482, "(12;3)": -0.0017572819616426631, "(13;3)": -0.0018755507984769756, "(14;3)": -0.0020515757771493288, "(15;3)": -0.0021632919015810424, "(16;3)": -0.0023088507181992304, "(17;3)": -0.002444928912694326, "(18;3)": -0.002564777721024405, "(19;3)": -0.0028256449834140798, "(20;3)": -0.0032625672760704886, "(21;3)": -0.003152099472002087, "(22;3)": -0.0032559750355304513, "(23;3)": -0.003782533551192581, "(24;3)": -0.0038875717279376718, "(25;3)": -0.004098568191040205, "(26;3)": -0.004137495395183911, "(27;3)": -0.0043887114671546405, "(28;3)": -0.0045256074006635606, "(29;3)": -0.004720766490657112, "(30;3)": -0.004790201349957316, "(2;4)": 7.044701659964215e-05, "(3;4)": -0.000169580014602506, "(4;4)": -0.0007846129500920571, "(5;4)": -0.0011703675285631959, "(6;4)": -0.0014120161581465018, "(7;4)": -0.0017367659317136768, "(8;4)": -0.0019697950525454705, "(9;4)": -0.004119614664497902, "(10;4)": -0.004594376116697907, "(11;4)": -0.005187469753405899, "(12;4)": -0.005686693317637158, "(13;4)": -0.0061989553013459524, "(14;4)": -0.006662186584953772, "(15;4)": -0.00709542412699366, "(16;4)": -0.007576333494008797, "(17;4)": -0.007983688184799696, "(18;4)": -0.008478308881941066, "(19;4)": -0.008873371717050348, "(20;4)": -0.009386517203593469, "(21;4)": -0.009854821973783004, "(22;4)": -0.010389695892794102, "(23;4)": -0.010747365003835913, "(24;4)": -0.01127597411991957, "(25;4)": -0.01180265713952396, "(26;4)": -0.012257721526124867, "(27;4)": -0.012751494315686772, "(28;4)": -0.013211362427004953, "(29;4)": -0.013745083877953668, "(30;4)": -0.014131375199000262, "(2;5)": 8.496421956906364e-05, "(3;5)": 2.3336122445607833e-05, "(4;5)": 5.0557843503635535e-06, "(5;5)": -6.412596559695129e-05, "(6;5)": -0.000770118639556906, "(7;5)": -0.0010250414570535447, "(8;5)": -0.0011834406807046051, "(9;5)": -0.0013293244176797866, "(10;5)": -0.001489469525008153, "(11;5)": -0.0016386684958755518, "(12;5)": -0.001815698183163728, "(13;5)": -0.0024467615440348133, "(14;5)": -0.00195371175145074, "(15;5)": -0.0029079218157469686, "(16;5)": -0.0030334016043454333, "(17;5)": -0.00344807613955063, "(18;5)": -0.003717580859457169, "(19;5)": -0.0038048831581582268, "(20;5)": -0.004209631823514717, "(21;5)": -0.004353158541179944, "(22;5)": -0.004613289369512194, "(23;5)": -0.005453376749159146, "(24;5)": -0.005951070819939448, "(25;5)": -0.006552776492634232, "(26;5)": -0.006362744165187075, "(27;5)": -0.008055467817980099, "(28;5)": -0.007749750224645541, "(29;5)": -0.007807549887671399, "(30;5)": -0.007817759410881359, "(2;6)": 3.9193101158071525e-05, "(3;6)": -7.105077526450256e-05, "(4;6)": -0.00019012492476320537, "(5;6)": -0.00024082233649298812, "(6;6)": -0.00030484752443664116, "(7;6)": -0.00042631473769983575, "(8;6)": -0.0005358959108799085, "(9;6)": -0.0005974821136547261, "(10;6)": -0.0007623977329854649, "(11;6)": -0.0006553577533330532, "(12;6)": -0.0007566456283458589, "(13;6)": -0.001022505870683277, "(14;6)": -0.0011233535068251284, "(15;6)": -0.0011025079078418585, "(16;6)": -0.0013278289878875284, "(17;6)": -0.0012644707140053312, "(18;6)": -0.0014246582086397538, "(19;6)": -0.0017384482783717155, "(20;6)": -0.0016574579675368772, "(21;6)": -0.0024566057678399077, "(22;6)": -0.0019715529481969156, "(23;6)": -0.0020964934173465866, "(24;6)": -0.002336950900777435, "(25;6)": -0.0025027313369722446, "(26;6)": -0.002153170440928257, "(27;6)": -0.0024885570061272447, "(28;6)": -0.0031185163857872285, "(29;6)": -0.002822372948000139, "(30;6)": -0.0032309196774356775, "Better coclustering": "(30;2)"}