{"(2;2)": 0.002145861179181864, "(3;2)": 0.0033562939009606973, "(4;2)": 0.003951354359889717, "(5;2)": 0.004881498493745503, "(6;2)": 0.0031928719236320926, "(7;2)": 0.003988291102995338, "(8;2)": 0.00454534236770166, "(9;2)": 0.005105164491910062, "(10;2)": 0.005669934720045027, "(11;2)": 0.006217670034416693, "(12;2)": 0.006753676901566262, "(13;2)": 0.0073933987354606314, "(14;2)": 0.0046999128367456715, "(15;2)": 0.004923159222197089, "(16;2)": 0.008979804389063432, "(17;2)": 0.005414212215628196, "(18;2)": 0.005511641765679077, "(19;2)": 0.005747031806936061, "(20;2)": 0.006160042567652889, "(21;2)": 0.006370975636922486, "(22;2)": 0.006689779397285836, "(23;2)": 0.007028713365796422, "(24;2)": 0.007286614147881481, "(25;2)": 0.007971545616441658, "(26;2)": 0.006914930006236445, "(27;2)": 0.008090624655525968, "(28;2)": 0.007756029735615037, "(29;2)": 0.008280462452587232, "(30;2)": 0.0062520434798510015, "(2;3)": 0.0012104534187348766, "(3;3)": 0.0013603411153123484, "(4;3)": 0.0016227203551237024, "(5;3)": 0.0018916300572260618, "(6;3)": 0.0017073992295174756, "(7;3)": 0.001675838819950109, "(8;3)": 0.0017992849511489534, "(9;3)": 0.0023429016251233534, "(10;3)": 0.002434162227621227, "(11;3)": 0.002394532554887319, "(12;3)": 0.002526357347838273, "(13;3)": 0.0027119446015655612, "(14;3)": 0.002970243406256259, "(15;3)": 0.002806672333043331, "(16;3)": 0.0028150997495488233, "(17;3)": 0.0029214535884950154, "(18;3)": 0.0016444775950185508, "(19;3)": 0.0016400093885792799, "(20;3)": 0.0011316842975094526, "(21;3)": 0.0011774429345457675, "(22;3)": 0.001919089601977926, "(23;3)": 0.0011265062524138064, "(24;3)": 0.0006377774323232833, "(25;3)": 0.0008414199795604656, "(26;3)": 0.0012026753237106768, "(27;3)": 0.000979030839830474, "(28;3)": -0.0011552931639171144, "(29;3)": 0.001140008573107947, "(30;3)": -0.0009169715324041776, "(2;4)": 0.00040415066316754284, "(3;4)": 0.00035160076242171304, "(4;4)": 0.00041739295594676163, "(5;4)": 0.0004775102081173813, "(6;4)": 0.0005242495079588319, "(7;4)": 0.0005530242110389464, "(8;4)": 0.0004683123342622271, "(9;4)": 0.00038248822319876617, "(10;4)": 0.0003952113018227426, "(11;4)": 0.00040787059760745653, "(12;4)": 0.00032700815031154066, "(13;4)": 0.000356796803197425, "(14;4)": 0.0004571972625586541, "(15;4)": 0.0003221351690143177, "(16;4)": 0.0002820608414352378, "(17;4)": 0.0003315895616574713, "(18;4)": 0.00044332007804596024, "(19;4)": 0.00014722467879885022, "(20;4)": 0.0003472483530277577, "(21;4)": 1.9554314702667716e-05, "(22;4)": 2.0406323148942268e-05, "(23;4)": 8.619864328541355e-05, "(24;4)": 9.013850009827033e-05, "(25;4)": 0.00010904345223871115, "(26;4)": 0.0002877330559392475, "(27;4)": -0.0001293755861949482, "(28;4)": 3.42708393554713e-05, "(29;4)": -0.0001296833195981845, "(30;4)": -0.0002295515425765089, "(2;5)": 0.00028688745689969255, "(3;5)": 0.00022152827303083543, "(4;5)": 0.00021429931448231315, "(5;5)": 0.0003665745217879521, "(6;5)": 0.000217877603021075, "(7;5)": 0.000227722773058606, "(8;5)": 0.0003079182074346796, "(9;5)": 0.00033262756886269734, "(10;5)": 0.00024178491060168448, "(11;5)": 0.00020883046731413765, "(12;5)": 0.00023553472919134554, "(13;5)": 8.777358885757395e-05, "(14;5)": -1.1163099141410994e-05, "(15;5)": -3.532783866451911e-05, "(16;5)": -2.305238424393442e-06, "(17;5)": 1.3100438318695214e-05, "(18;5)": -0.0001087877739474489, "(19;5)": -0.00010151882001716172, "(20;5)": -0.00017493870239817814, "(21;5)": -7.345746219663597e-05, "(22;5)": -0.0001977154780412055, "(23;5)": -0.00020859516641191276, "(24;5)": -0.0003523807041546366, "(25;5)": -0.00034142127598034796, "(26;5)": -0.0003141744261063635, "(27;5)": -0.0003404128971453265, "(28;5)": -0.00042345040817326707, "(29;5)": -0.0004539901416225605, "(30;5)": -0.0007001635600013599, "(2;6)": 0.0003458860040914998, "(3;6)": 0.00038577369394060404, "(4;6)": 0.00029188295149647317, "(5;6)": 0.0003155914275678845, "(6;6)": 0.00037780388495763323, "(7;6)": 0.00032586965086647037, "(8;6)": 0.0003285997279687935, "(9;6)": 0.00020295880848729734, "(10;6)": 0.00024835401124067327, "(11;6)": 0.00020356597110234384, "(12;6)": 0.00011930200978221218, "(13;6)": 0.00017433172763456798, "(14;6)": 0.00012487563602686956, "(15;6)": 0.0001688718223514462, "(16;6)": 0.0001461679417768724, "(17;6)": 0.00010123730232102, "(18;6)": 6.439855315256569e-05, "(19;6)": -1.3394025063549996e-05, "(20;6)": 3.2805610819228214e-05, "(21;6)": -3.9072317197325183e-05, "(22;6)": -9.957232954134117e-05, "(23;6)": -0.00018210798482329348, "(24;6)": -0.00029058508954715436, "(25;6)": -0.00027269572032916957, "(26;6)": -0.0002800120319448385, "(27;6)": -0.0004182261183115314, "(28;6)": -0.00023298240118948207, "(29;6)": -0.00029840674164026014, "(30;6)": -0.00021534420756279664, "Better coclustering": "(16;2)"}