{"(2;2)": 0.030636597237099876, "(3;2)": 0.04294339158411684, "(4;2)": 0.055724625558218395, "(5;2)": 0.07044358906204609, "(6;2)": 0.08145912270113287, "(7;2)": 0.1010658510711488, "(8;2)": 0.1198662907519289, "(9;2)": 0.1402900897024642, "(10;2)": 0.16168554422717094, "(11;2)": 0.18089308699158443, "(12;2)": 0.20809079470264893, "(13;2)": 0.22775454393613262, "(14;2)": 0.2419729512486464, "(15;2)": 0.2582829186239108, "(16;2)": 0.2778436033042788, "(17;2)": 0.29299709507682364, "(18;2)": 0.31698670648631666, "(19;2)": 0.340215355866587, "(20;2)": 0.360898765424178, "(21;2)": 0.375869616627077, "(22;2)": 0.4044490191458622, "(23;2)": 0.41924661181181305, "(24;2)": 0.4347948866092183, "(25;2)": 0.45343956236257815, "(26;2)": 0.5066324282911775, "(27;2)": 0.49965557019416906, "(28;2)": 0.5067516486779626, "(29;2)": 0.5405391307494789, "(30;2)": 0.5577078165670756, "(2;3)": 0.025141127859691106, "(3;3)": 0.03485618844175354, "(4;3)": 0.04520105872547639, "(5;3)": 0.055928640402651573, "(6;3)": 0.0662883581886151, "(7;3)": 0.08235498970192115, "(8;3)": 0.09043022996872174, "(9;3)": 0.10188163324541714, "(10;3)": 0.11255820202773845, "(11;3)": 0.12476637757078275, "(12;3)": 0.14086571499972003, "(13;3)": 0.1607319587188404, "(14;3)": 0.17747992202820118, "(15;3)": 0.17968902899885394, "(16;3)": 0.20748113613933586, "(17;3)": 0.21903355831811647, "(18;3)": 0.22770273241053257, "(19;3)": 0.24477962027307518, "(20;3)": 0.2493030868112807, "(21;3)": 0.2651201201518897, "(22;3)": 0.28476967878653314, "(23;3)": 0.2897039639212723, "(24;3)": 0.3058705236076657, "(25;3)": 0.32015959375004066, "(26;3)": 0.33416303729302943, "(27;3)": 0.346306245604558, "(28;3)": 0.36078859204572317, "(29;3)": 0.3626323425041988, "(30;3)": 0.4155130221369312, "(2;4)": 0.024949994483797568, "(3;4)": 0.03523450376893975, "(4;4)": 0.04412889300292328, "(5;4)": 0.056748833231691755, "(6;4)": 0.06454749528927207, "(7;4)": 0.07228303220271828, "(8;4)": 0.08563636695427153, "(9;4)": 0.09498576550185399, "(10;4)": 0.10637683816025094, "(11;4)": 0.1160213929461225, "(12;4)": 0.12852039158522421, "(13;4)": 0.14451139092439927, "(14;4)": 0.1568181511305273, "(15;4)": 0.16155816310579657, "(16;4)": 0.1730465943428235, "(17;4)": 0.1862211306453038, "(18;4)": 0.19776178749197273, "(19;4)": 0.20854364159808356, "(20;4)": 0.2219781832506199, "(21;4)": 0.23320229181873725, "(22;4)": 0.23647857142819922, "(23;4)": 0.24595471970055477, "(24;4)": 0.25776314592504423, "(25;4)": 0.26835622193096775, "(26;4)": 0.28411734577243075, "(27;4)": 0.28774796732875546, "(28;4)": 0.30458114809194664, "(29;4)": 0.3106094242172605, "(30;4)": 0.31018528126234124, "(2;5)": 0.022065067534536673, "(3;5)": 0.03180513252082731, "(4;5)": 0.037661363326763134, "(5;5)": 0.04915430292382469, "(6;5)": 0.05398226752471882, "(7;5)": 0.05960472446863446, "(8;5)": 0.06627469181206139, "(9;5)": 0.0711103915435243, "(10;5)": 0.07761663362195136, "(11;5)": 0.08488814348160906, "(12;5)": 0.09638261968700973, "(13;5)": 0.1042961245899419, "(14;5)": 0.11422714774366131, "(15;5)": 0.12485785847501091, "(16;5)": 0.1373845825785361, "(17;5)": 0.14866885450505282, "(18;5)": 0.15123923829175248, "(19;5)": 0.1628068949199609, "(20;5)": 0.17004904198223095, "(21;5)": 0.1736055889183393, "(22;5)": 0.18597874052035937, "(23;5)": 0.18636537103092266, "(24;5)": 0.197603881541677, "(25;5)": 0.2144338993850813, "(26;5)": 0.2167604021343961, "(27;5)": 0.2165847090833331, "(28;5)": 0.23353753773851998, "(29;5)": 0.23854422002976244, "(30;5)": 0.2491710553450507, "(2;6)": 0.026299452881024504, "(3;6)": 0.03221758101452253, "(4;6)": 0.04028464864586917, "(5;6)": 0.04721968363805912, "(6;6)": 0.0560476951569174, "(7;6)": 0.06431135157854319, "(8;6)": 0.07349002584817686, "(9;6)": 0.07746591312820666, "(10;6)": 0.08618141919861261, "(11;6)": 0.09019126551140848, "(12;6)": 0.1001868004355581, "(13;6)": 0.1040140368029968, "(14;6)": 0.11176625424914384, "(15;6)": 0.12621022778289664, "(16;6)": 0.13287452472694333, "(17;6)": 0.13813125199605303, "(18;6)": 0.14125317657650413, "(19;6)": 0.15379489208383093, "(20;6)": 0.16588938645864018, "(21;6)": 0.1708750452471078, "(22;6)": 0.1748135077619783, "(23;6)": 0.1850367342235758, "(24;6)": 0.18901961151452185, "(25;6)": 0.1941167393689374, "(26;6)": 0.20572195025786824, "(27;6)": 0.20827981076384688, "(28;6)": 0.20886471278516947, "(29;6)": 0.22509874685354636, "(30;6)": 0.23022469200078965, "Better coclustering": "(30;2)"}