{"(2;2)": 0.27177152774973007, "(3;2)": 0.25835988975589214, "(4;2)": 0.2845037577121947, "(5;2)": 0.39516680174365004, "(6;2)": 0.45302840509805414, "(7;2)": 0.4349433975133929, "(8;2)": 0.4502619095859142, "(9;2)": 0.534471095437769, "(10;2)": 0.6416920004126673, "(11;2)": 0.657092428779764, "(12;2)": 0.5637049805466736, "(13;2)": 0.6521738223744179, "(14;2)": 0.6592018260860648, "(15;2)": 0.7156334815554156, "(16;2)": 0.809950869566363, "(17;2)": 0.9097418239662438, "(18;2)": 0.9251089157640247, "(19;2)": 0.9711323212909119, "(20;2)": 1.0270249134004703, "(21;2)": 1.0492920983796201, "(22;2)": 1.0853990232347603, "(23;2)": 1.2023155047875709, "(24;2)": 1.1718721156180654, "(25;2)": 1.2454523904655657, "(26;2)": 1.278010912475515, "(27;2)": 1.3849360472392307, "(28;2)": 1.4515086907228432, "(29;2)": 1.3935191441435393, "(30;2)": 1.3734737881185244, "(2;3)": 0.2697810383371172, "(3;3)": 0.2993018480470826, "(4;3)": 0.3541379269492295, "(5;3)": 0.43780379230828853, "(6;3)": 0.5204553882908551, "(7;3)": 0.5427588432505739, "(8;3)": 0.5912315878917976, "(9;3)": 0.6348772466387907, "(10;3)": 0.6903535609787429, "(11;3)": 0.7295124271465797, "(12;3)": 0.7572784482502155, "(13;3)": 0.7889040357069662, "(14;3)": 0.8387788052494878, "(15;3)": 0.8721109601283106, "(16;3)": 0.8749344546197643, "(17;3)": 0.9090240965468033, "(18;3)": 0.9623368429690798, "(19;3)": 0.9940602744415302, "(20;3)": 1.0270177485622474, "(21;3)": 1.0607125671370627, "(22;3)": 1.0821641755096347, "(23;3)": 1.1209274172061021, "(24;3)": 1.1816492223944104, "(25;3)": 1.1815846499247729, "(26;3)": 1.235067839474326, "(27;3)": 1.1855970766735473, "(28;3)": 1.2262557817043962, "(29;3)": 1.2510575380926126, "(30;3)": 1.344937048832225, "(2;4)": 0.10399451860921004, "(3;4)": 0.17887049557234078, "(4;4)": 0.20999606626043515, "(5;4)": 0.22834436985707987, "(6;4)": 0.2964909336600183, "(7;4)": 0.33104709447703834, "(8;4)": 0.3301888336754159, "(9;4)": 0.3424177357184538, "(10;4)": 0.36018093593849876, "(11;4)": 0.41736854419237945, "(12;4)": 0.42993717604752457, "(13;4)": 0.4554826342442965, "(14;4)": 0.5133054014745707, "(15;4)": 0.5233253325956457, "(16;4)": 0.5452002712579803, "(17;4)": 0.5597171437303953, "(18;4)": 0.5809216560189794, "(19;4)": 0.6096146391047268, "(20;4)": 0.6159974063101916, "(21;4)": 0.6468498825720815, "(22;4)": 0.6731915583052116, "(23;4)": 0.7137195633193395, "(24;4)": 0.7287967523637371, "(25;4)": 0.7508007890171923, "(26;4)": 0.7663917407391029, "(27;4)": 0.7968073050874617, "(28;4)": 0.809188604829315, "(29;4)": 0.8441488509730686, "(30;4)": 0.8581423964071487, "(2;5)": 0.04850926975360294, "(3;5)": 0.09465485280735417, "(4;5)": 0.11133249508678089, "(5;5)": 0.13109638376966903, "(6;5)": 0.15770437669871318, "(7;5)": 0.1792582230901514, "(8;5)": 0.2309146061620838, "(9;5)": 0.2305826602854784, "(10;5)": 0.2608181149518804, "(11;5)": 0.265165407034586, "(12;5)": 0.29656165728895323, "(13;5)": 0.31019287834698345, "(14;5)": 0.31740336671160246, "(15;5)": 0.34682531929178195, "(16;5)": 0.3556830447418981, "(17;5)": 0.37642102056023996, "(18;5)": 0.3827487172267041, "(19;5)": 0.40866824208921965, "(20;5)": 0.43643275618867916, "(21;5)": 0.4535979153930955, "(22;5)": 0.44008442960356037, "(23;5)": 0.4825266630571147, "(24;5)": 0.48317293450851184, "(25;5)": 0.4867158627219037, "(26;5)": 0.5004059048897861, "(27;5)": 0.5211959580567744, "(28;5)": 0.5335405539735445, "(29;5)": 0.5335227342104468, "(30;5)": 0.5473441785797635, "(2;6)": 0.05523532149888403, "(3;6)": 0.10348314412483875, "(4;6)": 0.12000746794389623, "(5;6)": 0.13385307867225046, "(6;6)": 0.14810771314067647, "(7;6)": 0.1790967671860729, "(8;6)": 0.22089451874405625, "(9;6)": 0.23469013967443478, "(10;6)": 0.24767609174103403, "(11;6)": 0.27453283630595166, "(12;6)": 0.2903755242197618, "(13;6)": 0.2990249466755138, "(14;6)": 0.3166365795984508, "(15;6)": 0.3298979113966834, "(16;6)": 0.3762400590510785, "(17;6)": 0.36674851569909944, "(18;6)": 0.3788661228623238, "(19;6)": 0.4033957790891376, "(20;6)": 0.40103339408483984, "(21;6)": 0.4022922159064412, "(22;6)": 0.41741721306711255, "(23;6)": 0.45091446918195627, "(24;6)": 0.4658563432518856, "(25;6)": 0.46404010261287315, "(26;6)": 0.4823771678090083, "(27;6)": 0.4709136999853947, "(28;6)": 0.47452012227919593, "(29;6)": 0.48916320983026096, "(30;6)": 0.48911232717812947, "Better coclustering": "(28;2)"}