{"(2;2)": 0.03267371824602715, "(3;2)": 0.04987404066943114, "(4;2)": 0.060699675772509315, "(5;2)": 0.07557444329601685, "(6;2)": 0.1006346398438271, "(7;2)": 0.11636915399491567, "(8;2)": 0.15099387606984255, "(9;2)": 0.17134233037172075, "(10;2)": 0.19490913558224376, "(11;2)": 0.21547122100472546, "(12;2)": 0.23571170584572199, "(13;2)": 0.2612438502244634, "(14;2)": 0.28730791031972247, "(15;2)": 0.31680036866984884, "(16;2)": 0.3361714184256769, "(17;2)": 0.3576102143085272, "(18;2)": 0.3790727479907167, "(19;2)": 0.4147787754860769, "(20;2)": 0.4315740359803482, "(21;2)": 0.44849462129784484, "(22;2)": 0.4692793452934397, "(23;2)": 0.4840069772611967, "(24;2)": 0.5146661056469919, "(25;2)": 0.5326488593326921, "(26;2)": 0.5723527101205037, "(27;2)": 0.6105091019285976, "(28;2)": 0.6345032022762951, "(29;2)": 0.6515956353011757, "(30;2)": 0.6620900225782049, "(2;3)": 0.027621130112245228, "(3;3)": 0.037366601971998724, "(4;3)": 0.05015553217888616, "(5;3)": 0.05883693876018101, "(6;3)": 0.06611134035484177, "(7;3)": 0.07652804983628461, "(8;3)": 0.08529202007212973, "(9;3)": 0.10299399885017005, "(10;3)": 0.12124512913400817, "(11;3)": 0.13250709217783097, "(12;3)": 0.14849554038545051, "(13;3)": 0.16143559307995323, "(14;3)": 0.18199516555637688, "(15;3)": 0.1926816325494917, "(16;3)": 0.208695164902461, "(17;3)": 0.2200126229017645, "(18;3)": 0.23430378638313576, "(19;3)": 0.24806818462886915, "(20;3)": 0.2749181839284288, "(21;3)": 0.2831728434942417, "(22;3)": 0.297504107229844, "(23;3)": 0.3189275141408299, "(24;3)": 0.3189849202845242, "(25;3)": 0.3383029197475163, "(26;3)": 0.35646899990323067, "(27;3)": 0.36664670349568307, "(28;3)": 0.38112398721094487, "(29;3)": 0.3962119061183598, "(30;3)": 0.41921038557529783, "(2;4)": 0.02939575322874641, "(3;4)": 0.0360690114151217, "(4;4)": 0.05047551373153937, "(5;4)": 0.05590801609878956, "(6;4)": 0.06894602181202633, "(7;4)": 0.07773609205863397, "(8;4)": 0.08886451751365022, "(9;4)": 0.11102372184685791, "(10;4)": 0.11713939494249032, "(11;4)": 0.13826097567080814, "(12;4)": 0.15586104219716865, "(13;4)": 0.17728078633404223, "(14;4)": 0.19318167375372866, "(15;4)": 0.20345055688273017, "(16;4)": 0.2074709017583709, "(17;4)": 0.2272224824612108, "(18;4)": 0.24070810988375174, "(19;4)": 0.24605928439778993, "(20;4)": 0.27383611407216185, "(21;4)": 0.2695549969133744, "(22;4)": 0.2778025183082887, "(23;4)": 0.31081137877606585, "(24;4)": 0.29866560227802236, "(25;4)": 0.3263297317953942, "(26;4)": 0.3280803319471351, "(27;4)": 0.354112058672643, "(28;4)": 0.3903664062597071, "(29;4)": 0.4060681878426051, "(30;4)": 0.40461081393205467, "(2;5)": 0.02753083783667201, "(3;5)": 0.03483373689954861, "(4;5)": 0.04248778437727367, "(5;5)": 0.051863484083487676, "(6;5)": 0.05799595307120434, "(7;5)": 0.06799970648946906, "(8;5)": 0.07509887768123617, "(9;5)": 0.08317580324282763, "(10;5)": 0.09158047247685336, "(11;5)": 0.10003661686282307, "(12;5)": 0.10751025309988144, "(13;5)": 0.11580796759405841, "(14;5)": 0.12449188780171053, "(15;5)": 0.13666673518570388, "(16;5)": 0.14211986869788762, "(17;5)": 0.15205916902643438, "(18;5)": 0.16376678870688915, "(19;5)": 0.1740763539229735, "(20;5)": 0.185788972512788, "(21;5)": 0.19201569808372224, "(22;5)": 0.2000669712834693, "(23;5)": 0.21031929917322373, "(24;5)": 0.21787876177411167, "(25;5)": 0.22883816450938152, "(26;5)": 0.23605503930706662, "(27;5)": 0.2407244184734774, "(28;5)": 0.24886855260828317, "(29;5)": 0.26320576848732313, "(30;5)": 0.2737885730634747, "(2;6)": 0.026573548407688902, "(3;6)": 0.033525304668044764, "(4;6)": 0.04203462510437109, "(5;6)": 0.05109723871435662, "(6;6)": 0.056979569909480554, "(7;6)": 0.06641275177725353, "(8;6)": 0.07223509688949574, "(9;6)": 0.07850520044012826, "(10;6)": 0.08640440446888717, "(11;6)": 0.09470022864122926, "(12;6)": 0.10148199492951313, "(13;6)": 0.10992827319023657, "(14;6)": 0.11846688670377692, "(15;6)": 0.1254248986471819, "(16;6)": 0.13349959127682154, "(17;6)": 0.15377176101402557, "(18;6)": 0.15962581425225472, "(19;6)": 0.16528874734580606, "(20;6)": 0.18197587879825317, "(21;6)": 0.18754452195243998, "(22;6)": 0.19017619715109219, "(23;6)": 0.1983749923641987, "(24;6)": 0.20940050814132444, "(25;6)": 0.2170722877132241, "(26;6)": 0.22957295724090068, "(27;6)": 0.23338076437440217, "(28;6)": 0.23743751284172468, "(29;6)": 0.246074530618069, "(30;6)": 0.25499613813719596, "Better coclustering": "(30;2)"}