{"(2;2)": 0.022637259827229122, "(3;2)": 0.03300701317097814, "(4;2)": 0.042437327147332365, "(5;2)": 0.05323551517678526, "(6;2)": 0.07494192953036916, "(7;2)": 0.08985152993958673, "(8;2)": 0.10931024550353645, "(9;2)": 0.12676386489254465, "(10;2)": 0.1473804645652324, "(11;2)": 0.16040315144179, "(12;2)": 0.17841159570188173, "(13;2)": 0.19215940326928635, "(14;2)": 0.20998932467846643, "(15;2)": 0.22816454329140665, "(16;2)": 0.24732892354360927, "(17;2)": 0.2656085204559551, "(18;2)": 0.2886346927145731, "(19;2)": 0.3117047612929863, "(20;2)": 0.32494516938762597, "(21;2)": 0.3451123498644817, "(22;2)": 0.35662309550286103, "(23;2)": 0.38751559420128046, "(24;2)": 0.39541518486127253, "(25;2)": 0.41648465020410347, "(26;2)": 0.42136847346170025, "(27;2)": 0.4467849432803046, "(28;2)": 0.47573501505022936, "(29;2)": 0.4917607335889306, "(30;2)": 0.4929500109217378, "(2;3)": 0.01931824005892272, "(3;3)": 0.030237318287331616, "(4;3)": 0.037322522452543604, "(5;3)": 0.044099936194914334, "(6;3)": 0.05182566549595101, "(7;3)": 0.0575770178279212, "(8;3)": 0.06390183802016243, "(9;3)": 0.08339537724841578, "(10;3)": 0.09935561766801021, "(11;3)": 0.10950836521530498, "(12;3)": 0.12307698801981155, "(13;3)": 0.1280036065538404, "(14;3)": 0.15733441554193667, "(15;3)": 0.16596861442866384, "(16;3)": 0.18754795488004802, "(17;3)": 0.19650962667380945, "(18;3)": 0.21320027738308553, "(19;3)": 0.2170653297157957, "(20;3)": 0.23199371989032566, "(21;3)": 0.24056997254829635, "(22;3)": 0.2936560443261368, "(23;3)": 0.282885222951551, "(24;3)": 0.29693829367937696, "(25;3)": 0.31129108153138063, "(26;3)": 0.33330176499872627, "(27;3)": 0.3452090197110166, "(28;3)": 0.35464709298821706, "(29;3)": 0.34758069931084007, "(30;3)": 0.4118890049494831, "(2;4)": 0.018213492676652895, "(3;4)": 0.02450572283732679, "(4;4)": 0.03463170693008031, "(5;4)": 0.04022149969767164, "(6;4)": 0.046019222143596064, "(7;4)": 0.053315230022221105, "(8;4)": 0.0582884611914629, "(9;4)": 0.06506436451877964, "(10;4)": 0.0728195632704016, "(11;4)": 0.08091603175183301, "(12;4)": 0.08770843969308925, "(13;4)": 0.09452495737100859, "(14;4)": 0.1102903442514016, "(15;4)": 0.11885487221648264, "(16;4)": 0.12423755954389824, "(17;4)": 0.13352638395854294, "(18;4)": 0.14301735646420977, "(19;4)": 0.14988659173779717, "(20;4)": 0.15758031315137144, "(21;4)": 0.1679721417809012, "(22;4)": 0.17569827077657782, "(23;4)": 0.18040085017127527, "(24;4)": 0.18851079744544014, "(25;4)": 0.18904530028124358, "(26;4)": 0.19879952460038844, "(27;4)": 0.2112471346981106, "(28;4)": 0.21535503797235406, "(29;4)": 0.2217379322088958, "(30;4)": 0.22979082179917093, "(2;5)": 0.0180122965817651, "(3;5)": 0.023608472531804314, "(4;5)": 0.03096752927467978, "(5;5)": 0.03932745096492715, "(6;5)": 0.04444426224419796, "(7;5)": 0.04959506911333956, "(8;5)": 0.05413279898326522, "(9;5)": 0.057960441489709316, "(10;5)": 0.06438723705104273, "(11;5)": 0.07023929713206242, "(12;5)": 0.07581760047646205, "(13;5)": 0.08278197272658032, "(14;5)": 0.09104669816151234, "(15;5)": 0.09827457349612694, "(16;5)": 0.10199809200650924, "(17;5)": 0.11004208169356694, "(18;5)": 0.11482095363360674, "(19;5)": 0.12278364383687601, "(20;5)": 0.12909310712405672, "(21;5)": 0.13587270180177247, "(22;5)": 0.1430538903394123, "(23;5)": 0.1483398818454888, "(24;5)": 0.15701098832096894, "(25;5)": 0.15845240321752188, "(26;5)": 0.16533835054034432, "(27;5)": 0.17243250275194139, "(28;5)": 0.1784256650329685, "(29;5)": 0.18556689757636752, "(30;5)": 0.18870750535516348, "(2;6)": 0.021422339886081443, "(3;6)": 0.02657132338148624, "(4;6)": 0.03190165595524819, "(5;6)": 0.03648170111509555, "(6;6)": 0.04494162850359427, "(7;6)": 0.05166093596517655, "(8;6)": 0.05677082688626955, "(9;6)": 0.06599242508544836, "(10;6)": 0.07201254317832229, "(11;6)": 0.08251113150654255, "(12;6)": 0.09484485435062633, "(13;6)": 0.09696463265253942, "(14;6)": 0.10267606226678022, "(15;6)": 0.1119653882226931, "(16;6)": 0.12119585465442449, "(17;6)": 0.12413490315976063, "(18;6)": 0.13461836254700452, "(19;6)": 0.14510367982041744, "(20;6)": 0.14700041746734535, "(21;6)": 0.15961835597064855, "(22;6)": 0.16395015714516006, "(23;6)": 0.17971685286523753, "(24;6)": 0.18083427920453424, "(25;6)": 0.18996605046074025, "(26;6)": 0.19911341173046304, "(27;6)": 0.2068809884616746, "(28;6)": 0.22417713516028695, "(29;6)": 0.23443629473283387, "(30;6)": 0.23729607884954837, "Better coclustering": "(30;2)"}