{"(2;2)": 0.26949228924899576, "(3;2)": 0.35883439701950737, "(4;2)": 0.406480530533049, "(5;2)": 0.5503874370966615, "(6;2)": 0.6348070601137097, "(7;2)": 0.7337989040727062, "(8;2)": 0.7777212655360911, "(9;2)": 0.8052893851347392, "(10;2)": 0.8784753624471872, "(11;2)": 0.9557546796423946, "(12;2)": 0.9869157127312448, "(13;2)": 1.0487433350794424, "(14;2)": 1.1618236922824432, "(15;2)": 1.1608532494494779, "(16;2)": 1.2263528656314662, "(17;2)": 1.188928510767381, "(18;2)": 1.272499891320103, "(19;2)": 1.3497554549503041, "(20;2)": 1.322840005585424, "(21;2)": 1.4196671810545063, "(22;2)": 1.419366193282739, "(23;2)": 1.473059302809732, "(24;2)": 1.5022496844101414, "(25;2)": 1.5569601388892136, "(26;2)": 1.610906340432891, "(27;2)": 1.6340801136261245, "(28;2)": 1.6725082504116777, "(29;2)": 1.7494381690651561, "(30;2)": 1.7988221993443354, "(2;3)": 0.24565965127071995, "(3;3)": 0.37959824718459356, "(4;3)": 0.38501400205447733, "(5;3)": 0.43660957896172176, "(6;3)": 0.5162200030622076, "(7;3)": 0.5171026104055393, "(8;3)": 0.5556472466634607, "(9;3)": 0.6165284751949492, "(10;3)": 0.6444697623057174, "(11;3)": 0.6720904447345527, "(12;3)": 0.7192088114776238, "(13;3)": 0.7875967203913543, "(14;3)": 0.8260550203623301, "(15;3)": 0.8604540343442986, "(16;3)": 0.896330508432221, "(17;3)": 0.92294421599393, "(18;3)": 0.9565422244872984, "(19;3)": 0.9374996392279826, "(20;3)": 0.9552941843459978, "(21;3)": 0.9903239427632805, "(22;3)": 1.0225223052813786, "(23;3)": 1.0413242705257284, "(24;3)": 1.0396254173950368, "(25;3)": 1.0543399528929873, "(26;3)": 1.108361301630451, "(27;3)": 1.1541228567328485, "(28;3)": 1.141484390887313, "(29;3)": 1.214856232518615, "(30;3)": 1.2015647863508043, "(2;4)": 0.17888644949200508, "(3;4)": 0.24018951927848717, "(4;4)": 0.27619250695193254, "(5;4)": 0.3156245150128676, "(6;4)": 0.3549629588153667, "(7;4)": 0.3761356097828782, "(8;4)": 0.4227827698506746, "(9;4)": 0.4516580990307199, "(10;4)": 0.5003995266820799, "(11;4)": 0.5133968551450514, "(12;4)": 0.5425077727261947, "(13;4)": 0.5830632980713281, "(14;4)": 0.6170843250854571, "(15;4)": 0.6339576978869892, "(16;4)": 0.6532951901941787, "(17;4)": 0.6755288396773342, "(18;4)": 0.6876029172466857, "(19;4)": 0.7017231367242986, "(20;4)": 0.7415059699327343, "(21;4)": 0.7592519665412225, "(22;4)": 0.7802127931713951, "(23;4)": 0.7845143831479, "(24;4)": 0.8046217835988828, "(25;4)": 0.8315234021334409, "(26;4)": 0.8624943937251247, "(27;4)": 0.835297350805721, "(28;4)": 0.8698335190089519, "(29;4)": 0.9003600750488736, "(30;4)": 0.9194086887583498, "(2;5)": 0.10188121014590211, "(3;5)": 0.15285509873377373, "(4;5)": 0.17540491311243006, "(5;5)": 0.20434754773802488, "(6;5)": 0.2411119331094643, "(7;5)": 0.25964523708723924, "(8;5)": 0.2905425138726, "(9;5)": 0.3229124885631711, "(10;5)": 0.3432758642709983, "(11;5)": 0.3549656875773725, "(12;5)": 0.3760470104367133, "(13;5)": 0.39319104147194917, "(14;5)": 0.4072557901689649, "(15;5)": 0.4243290360988864, "(16;5)": 0.42914513158682194, "(17;5)": 0.4763617906536765, "(18;5)": 0.48143423091959586, "(19;5)": 0.5071435943918926, "(20;5)": 0.5069718758188282, "(21;5)": 0.5369658599855621, "(22;5)": 0.5424606950267169, "(23;5)": 0.5387427313010859, "(24;5)": 0.5612676221371297, "(25;5)": 0.5820322488099223, "(26;5)": 0.5902805079253494, "(27;5)": 0.5932038016564597, "(28;5)": 0.624459247555084, "(29;5)": 0.6415487742168052, "(30;5)": 0.6466961523774538, "(2;6)": 0.10874423724010313, "(3;6)": 0.13016203538343915, "(4;6)": 0.15751407415911622, "(5;6)": 0.17746806077332805, "(6;6)": 0.19990033350580957, "(7;6)": 0.216619590799451, "(8;6)": 0.23684001898259394, "(9;6)": 0.2702746694312835, "(10;6)": 0.2700012722322694, "(11;6)": 0.2839179869647887, "(12;6)": 0.3012129302017883, "(13;6)": 0.3148525574336936, "(14;6)": 0.3228852951634346, "(15;6)": 0.33891385556209863, "(16;6)": 0.35808386801019987, "(17;6)": 0.37225362320267097, "(18;6)": 0.3844376130194175, "(19;6)": 0.3829333857429276, "(20;6)": 0.40958684424168385, "(21;6)": 0.41237478707101194, "(22;6)": 0.4162506893463504, "(23;6)": 0.4420435723103764, "(24;6)": 0.4423770984810977, "(25;6)": 0.46760221097641097, "(26;6)": 0.4559163208787906, "(27;6)": 0.48033419822529916, "(28;6)": 0.47770740213528556, "(29;6)": 0.4886376733599688, "(30;6)": 0.501186457654666, "Better coclustering": "(30;2)"}