{"(2;2)": 0.0315304674705143, "(3;2)": 0.04264601551610255, "(4;2)": 0.055377730557522646, "(5;2)": 0.06538079820505859, "(6;2)": 0.07859102303257344, "(7;2)": 0.08752704176288445, "(8;2)": 0.10440761141047158, "(9;2)": 0.126313477879234, "(10;2)": 0.14353446199618616, "(11;2)": 0.15439413573268196, "(12;2)": 0.16966825978125324, "(13;2)": 0.186816336373298, "(14;2)": 0.1977717621348745, "(15;2)": 0.2161739490141604, "(16;2)": 0.2283651539759132, "(17;2)": 0.24389033954427775, "(18;2)": 0.25887622035762364, "(19;2)": 0.28002799497703834, "(20;2)": 0.30378386442214084, "(21;2)": 0.32497820352267887, "(22;2)": 0.3714915751231834, "(23;2)": 0.38245854687224096, "(24;2)": 0.39406925747940513, "(25;2)": 0.4387507433128428, "(26;2)": 0.424352622740394, "(27;2)": 0.4656628762114072, "(28;2)": 0.4742907036238962, "(29;2)": 0.49458543745561695, "(30;2)": 0.5269582263134536, "(2;3)": 0.023962426942319044, "(3;3)": 0.03469060207119765, "(4;3)": 0.04525985777766481, "(5;3)": 0.05570061708013246, "(6;3)": 0.06485011887802423, "(7;3)": 0.07395986951384187, "(8;3)": 0.08555034077712821, "(9;3)": 0.09853307516248595, "(10;3)": 0.1101870466330635, "(11;3)": 0.12450804919880268, "(12;3)": 0.13893250870804513, "(13;3)": 0.16831215148411433, "(14;3)": 0.1774378797536371, "(15;3)": 0.1952997842792287, "(16;3)": 0.22084553326334513, "(17;3)": 0.24151740739706273, "(18;3)": 0.25469860831053653, "(19;3)": 0.2653682766015518, "(20;3)": 0.30436816286318097, "(21;3)": 0.30728790329935446, "(22;3)": 0.30680031347810705, "(23;3)": 0.3236161250618421, "(24;3)": 0.3706600847128212, "(25;3)": 0.35755082452742876, "(26;3)": 0.3724221783565388, "(27;3)": 0.401693736239656, "(28;3)": 0.4357911994836948, "(29;3)": 0.4249753734980432, "(30;3)": 0.4246415832560179, "(2;4)": 0.02940473997979478, "(3;4)": 0.03959351252176737, "(4;4)": 0.04496886585233173, "(5;4)": 0.05267343545399401, "(6;4)": 0.06093751711498749, "(7;4)": 0.07531235344483987, "(8;4)": 0.0829135770897702, "(9;4)": 0.09529789201039483, "(10;4)": 0.10263473065938268, "(11;4)": 0.10948587020596406, "(12;4)": 0.11780166453963832, "(13;4)": 0.12464755514679877, "(14;4)": 0.14982779419852973, "(15;4)": 0.16094645972889485, "(16;4)": 0.17312899766051476, "(17;4)": 0.17340356171514193, "(18;4)": 0.2027290336660879, "(19;4)": 0.21784528476360757, "(20;4)": 0.2199160970153391, "(21;4)": 0.2240712366698763, "(22;4)": 0.23103332932085074, "(23;4)": 0.2725343243231995, "(24;4)": 0.24986889004044557, "(25;4)": 0.26635601159323813, "(26;4)": 0.2644303266511458, "(27;4)": 0.29620722754927625, "(28;4)": 0.2995826261128114, "(29;4)": 0.2964840668652869, "(30;4)": 0.3082066091382729, "(2;5)": 0.02139890158622924, "(3;5)": 0.0312686449024668, "(4;5)": 0.03747058073211919, "(5;5)": 0.04328517301272955, "(6;5)": 0.05064645122774878, "(7;5)": 0.06067984163771766, "(8;5)": 0.06430898819874623, "(9;5)": 0.0711482869231524, "(10;5)": 0.07706433944450823, "(11;5)": 0.0841749672001661, "(12;5)": 0.09202288682162969, "(13;5)": 0.09937120823859041, "(14;5)": 0.10411782676571947, "(15;5)": 0.11764594259300297, "(16;5)": 0.12022421674997394, "(17;5)": 0.13152404005510251, "(18;5)": 0.14012777012331779, "(19;5)": 0.1430362790496199, "(20;5)": 0.14841114569441774, "(21;5)": 0.1608087537985696, "(22;5)": 0.1727822563338739, "(23;5)": 0.17441323298074787, "(24;5)": 0.18727117684497588, "(25;5)": 0.1887520241037913, "(26;5)": 0.19763167483662497, "(27;5)": 0.20944886907192614, "(28;5)": 0.2114406429033646, "(29;5)": 0.22863204313013735, "(30;5)": 0.2235286690203602, "(2;6)": 0.02259067900029555, "(3;6)": 0.02793934138064828, "(4;6)": 0.03333743404779025, "(5;6)": 0.040720348815734594, "(6;6)": 0.04578729046444293, "(7;6)": 0.05246426970039333, "(8;6)": 0.059892270882447037, "(9;6)": 0.06473240206660268, "(10;6)": 0.071845766904821, "(11;6)": 0.08519227102217665, "(12;6)": 0.08762184085783974, "(13;6)": 0.09725298539276628, "(14;6)": 0.10278960073676717, "(15;6)": 0.10491344070418859, "(16;6)": 0.11394834824225254, "(17;6)": 0.11815603469841678, "(18;6)": 0.12388969852446483, "(19;6)": 0.1297109422698324, "(20;6)": 0.14354577529799936, "(21;6)": 0.1479718650389293, "(22;6)": 0.153904689361676, "(23;6)": 0.16553401403811235, "(24;6)": 0.17020836365220332, "(25;6)": 0.17049713020856458, "(26;6)": 0.18863828059896842, "(27;6)": 0.19033874906323434, "(28;6)": 0.1941404183764819, "(29;6)": 0.2038970735778819, "(30;6)": 0.20318352507261242, "Better coclustering": "(30;2)"}