{"(2;2)": 0.024545005177630825, "(3;2)": 0.03674652779575747, "(4;2)": 0.04532589937392551, "(5;2)": 0.05374764784656093, "(6;2)": 0.07264995086811116, "(7;2)": 0.08555742849327354, "(8;2)": 0.09921563595756143, "(9;2)": 0.1206007252207757, "(10;2)": 0.1453710869480346, "(11;2)": 0.16253340659968998, "(12;2)": 0.18420814711026864, "(13;2)": 0.19248150488064644, "(14;2)": 0.2142700725964076, "(15;2)": 0.2249171030947877, "(16;2)": 0.24828750935607874, "(17;2)": 0.25772402052940774, "(18;2)": 0.27864507983828224, "(19;2)": 0.2876322467468355, "(20;2)": 0.3128028367242055, "(21;2)": 0.3241748052457138, "(22;2)": 0.3363946020226206, "(23;2)": 0.3531152736465027, "(24;2)": 0.3841897200295871, "(25;2)": 0.4006570370905218, "(26;2)": 0.39677912567219187, "(27;2)": 0.42272729608963466, "(28;2)": 0.44064566975094527, "(29;2)": 0.45970222488728285, "(30;2)": 0.4956978593492309, "(2;3)": 0.021013038610346688, "(3;3)": 0.029710952582463465, "(4;3)": 0.03773721434874889, "(5;3)": 0.044944454862285634, "(6;3)": 0.05113976600866311, "(7;3)": 0.05750080108050763, "(8;3)": 0.06586085736244013, "(9;3)": 0.08014524179887302, "(10;3)": 0.08820138246226175, "(11;3)": 0.10072387758232959, "(12;3)": 0.112950840722745, "(13;3)": 0.12796956945034965, "(14;3)": 0.15007285342981935, "(15;3)": 0.16605796055166688, "(16;3)": 0.1768446143188984, "(17;3)": 0.19536462112363892, "(18;3)": 0.2015982883303226, "(19;3)": 0.21768359773964635, "(20;3)": 0.23053120046294867, "(21;3)": 0.24558947337722742, "(22;3)": 0.2562811813111284, "(23;3)": 0.2588187533379399, "(24;3)": 0.2822341551463197, "(25;3)": 0.29830979415321235, "(26;3)": 0.29547996218916667, "(27;3)": 0.3097993282250044, "(28;3)": 0.3244746141892479, "(29;3)": 0.331185746619369, "(30;3)": 0.333198877698627, "(2;4)": 0.019502214252945706, "(3;4)": 0.026375096085159512, "(4;4)": 0.033452595866406976, "(5;4)": 0.03957580162928894, "(6;4)": 0.044298860683239176, "(7;4)": 0.051789408376504704, "(8;4)": 0.056278341895967275, "(9;4)": 0.05983713670970013, "(10;4)": 0.0645781387431466, "(11;4)": 0.07160524526228831, "(12;4)": 0.08690776705961112, "(13;4)": 0.10905508359023516, "(14;4)": 0.11576892728087124, "(15;4)": 0.12656154383884832, "(16;4)": 0.14141205268106405, "(17;4)": 0.14541492414687163, "(18;4)": 0.1499338063535536, "(19;4)": 0.16600156102236363, "(20;4)": 0.18399819060146316, "(21;4)": 0.18513857734682254, "(22;4)": 0.19938714244747194, "(23;4)": 0.19296693776922344, "(24;4)": 0.22264655159559835, "(25;4)": 0.22284626549037945, "(26;4)": 0.23579330447062077, "(27;4)": 0.24339780885092205, "(28;4)": 0.2628043116927197, "(29;4)": 0.2583983426408788, "(30;4)": 0.27659428101317335, "(2;5)": 0.020050477812769304, "(3;5)": 0.02490676194919053, "(4;5)": 0.0314113937824267, "(5;5)": 0.03622334792906523, "(6;5)": 0.04408744477611417, "(7;5)": 0.048481600739216354, "(8;5)": 0.05337250890477565, "(9;5)": 0.05821102066419812, "(10;5)": 0.06428745387412636, "(11;5)": 0.07665899310238705, "(12;5)": 0.08496797234966315, "(13;5)": 0.09059878309393508, "(14;5)": 0.10017098945719385, "(15;5)": 0.10140254927090532, "(16;5)": 0.11320106267247065, "(17;5)": 0.12239572972242528, "(18;5)": 0.13152303322489514, "(19;5)": 0.13461998384158333, "(20;5)": 0.1408345960644127, "(21;5)": 0.15954286644262328, "(22;5)": 0.15524015368715036, "(23;5)": 0.17072989784885886, "(24;5)": 0.18292391582522108, "(25;5)": 0.19042904586342888, "(26;5)": 0.1977218352257314, "(27;5)": 0.20671669875720203, "(28;5)": 0.21585559133143922, "(29;5)": 0.22024925872176696, "(30;5)": 0.23137235146134974, "(2;6)": 0.02095657203680914, "(3;6)": 0.0260122696071835, "(4;6)": 0.031189795839818343, "(5;6)": 0.03547603362243394, "(6;6)": 0.040609751488368366, "(7;6)": 0.05087996251152601, "(8;6)": 0.056397189803271165, "(9;6)": 0.06005956323251825, "(10;6)": 0.06609007345213602, "(11;6)": 0.07313305913871947, "(12;6)": 0.0844884952795921, "(13;6)": 0.08881224073495025, "(14;6)": 0.0967904095478427, "(15;6)": 0.10439785849237863, "(16;6)": 0.11332108666128266, "(17;6)": 0.12057948731530722, "(18;6)": 0.12531176011628822, "(19;6)": 0.1327998974705133, "(20;6)": 0.1393704387899086, "(21;6)": 0.15011970709626685, "(22;6)": 0.1587620047497711, "(23;6)": 0.16712326883542744, "(24;6)": 0.18062728982791593, "(25;6)": 0.18666870707940042, "(26;6)": 0.1924820577099479, "(27;6)": 0.19405479266520848, "(28;6)": 0.20750159420799819, "(29;6)": 0.2190171896569649, "(30;6)": 0.217789877123537, "Better coclustering": "(30;2)"}