{"(2;2)": 0.0503323203468096, "(3;2)": 0.11050302231701685, "(4;2)": 0.12951881032935397, "(5;2)": 0.16103524696374602, "(6;2)": 0.1960406574573874, "(7;2)": 0.268362095695243, "(8;2)": 0.34979780599629967, "(9;2)": 0.385241343483578, "(10;2)": 0.37377759724271803, "(11;2)": 0.493216843637237, "(12;2)": 0.497759200267779, "(13;2)": 0.5527288553422618, "(14;2)": 0.5608198212855898, "(15;2)": 0.6228942771765258, "(16;2)": 0.6344110850914606, "(17;2)": 0.6613840548265523, "(18;2)": 0.7081617708619781, "(19;2)": 0.7691515840575315, "(20;2)": 0.7718234345074917, "(21;2)": 0.8037915541009654, "(22;2)": 0.8843499312820916, "(23;2)": 0.8766482640858603, "(24;2)": 0.9196995156312815, "(25;2)": 0.9872313350101285, "(26;2)": 1.0358916819901363, "(27;2)": 1.0448433013840015, "(28;2)": 1.0844179865358634, "(29;2)": 1.110181637232707, "(30;2)": 1.1325583842688407, "(2;3)": 0.21923268701793028, "(3;3)": 0.2871695236369895, "(4;3)": 0.36452556860278346, "(5;3)": 0.40469909023227196, "(6;3)": 0.4470585403933163, "(7;3)": 0.45076318968617496, "(8;3)": 0.4941016288181019, "(9;3)": 0.5406555310026311, "(10;3)": 0.5751661217627769, "(11;3)": 0.5852516950789485, "(12;3)": 0.6164676253581742, "(13;3)": 0.6601515278381855, "(14;3)": 0.7117181506742108, "(15;3)": 0.7481962452746644, "(16;3)": 0.7849201374991921, "(17;3)": 0.7761186336038979, "(18;3)": 0.8131141393449796, "(19;3)": 0.8229208737712548, "(20;3)": 0.8736461046898262, "(21;3)": 0.8621865720048433, "(22;3)": 0.9132199993987371, "(23;3)": 0.9229090129911951, "(24;3)": 0.9337607210419808, "(25;3)": 0.9809540649708125, "(26;3)": 1.0067316279484906, "(27;3)": 1.015950572577525, "(28;3)": 1.0662469738728568, "(29;3)": 1.071344827581252, "(30;3)": 1.091349980109324, "(2;4)": 0.19075453783495802, "(3;4)": 0.1891637451266787, "(4;4)": 0.3108752500912162, "(5;4)": 0.35636081151941085, "(6;4)": 0.32831823185235137, "(7;4)": 0.36936118481400265, "(8;4)": 0.40277796185391346, "(9;4)": 0.45977545033208717, "(10;4)": 0.4666254256657584, "(11;4)": 0.48696184496007583, "(12;4)": 0.49103799813501203, "(13;4)": 0.5111875392589064, "(14;4)": 0.5347921431140135, "(15;4)": 0.5716831000566266, "(16;4)": 0.5979418688813161, "(17;4)": 0.5948993832476877, "(18;4)": 0.5997474494214861, "(19;4)": 0.6507102375681831, "(20;4)": 0.6632456008889696, "(21;4)": 0.6477808658170018, "(22;4)": 0.7157966712405116, "(23;4)": 0.7537620756931234, "(24;4)": 0.7585590575413482, "(25;4)": 0.7815802968691912, "(26;4)": 0.7828812570583149, "(27;4)": 0.7839860120828281, "(28;4)": 0.8144163113205862, "(29;4)": 0.8206112532377773, "(30;4)": 0.8563288797040288, "(2;5)": 0.12741277726675296, "(3;5)": 0.1597589712211905, "(4;5)": 0.2083933303986046, "(5;5)": 0.24075841089734507, "(6;5)": 0.2780480858000645, "(7;5)": 0.2889325368671705, "(8;5)": 0.31553792042595424, "(9;5)": 0.3445612538640963, "(10;5)": 0.354411558723523, "(11;5)": 0.37095889299038204, "(12;5)": 0.38816104886271996, "(13;5)": 0.4001275229923277, "(14;5)": 0.40599476087600805, "(15;5)": 0.41168650062419526, "(16;5)": 0.4304667620447475, "(17;5)": 0.44624964051867166, "(18;5)": 0.4680621636357509, "(19;5)": 0.4730573771926731, "(20;5)": 0.5184495577333532, "(21;5)": 0.5327847567197783, "(22;5)": 0.5386248000918841, "(23;5)": 0.5480190003142953, "(24;5)": 0.5693673424446749, "(25;5)": 0.5579044817927232, "(26;5)": 0.5917153341536027, "(27;5)": 0.6084931834798337, "(28;5)": 0.6348967636940884, "(29;5)": 0.6347201370648169, "(30;5)": 0.6499110602944096, "(2;6)": 0.08353079449584942, "(3;6)": 0.11093937160511326, "(4;6)": 0.13699098797561216, "(5;6)": 0.14415508520048786, "(6;6)": 0.1783258956946142, "(7;6)": 0.196242283927922, "(8;6)": 0.2143157045447895, "(9;6)": 0.2305696703834397, "(10;6)": 0.22964454065462495, "(11;6)": 0.2545474029870037, "(12;6)": 0.2689296300981523, "(13;6)": 0.2773866090896392, "(14;6)": 0.28585830312467925, "(15;6)": 0.29445474372167507, "(16;6)": 0.3140701148112297, "(17;6)": 0.32059496829635153, "(18;6)": 0.33615217229344485, "(19;6)": 0.35233112658662863, "(20;6)": 0.36989305623243074, "(21;6)": 0.37478957134894575, "(22;6)": 0.3827819522372509, "(23;6)": 0.3885187257791346, "(24;6)": 0.4039690783781288, "(25;6)": 0.4240672611926417, "(26;6)": 0.4196077112424684, "(27;6)": 0.4280761843759181, "(28;6)": 0.45353370040699326, "(29;6)": 0.4502357608385031, "(30;6)": 0.46226901626705447, "Better coclustering": "(30;2)"}