{"(2;2)": 0.0296355804585765, "(3;2)": 0.04151890761884571, "(4;2)": 0.05911794367117421, "(5;2)": 0.07720442014181252, "(6;2)": 0.09395009785699071, "(7;2)": 0.10882701920974443, "(8;2)": 0.12866908131032181, "(9;2)": 0.1415252602970139, "(10;2)": 0.15591586455320067, "(11;2)": 0.17955167871596606, "(12;2)": 0.19803899956058355, "(13;2)": 0.22090710666902535, "(14;2)": 0.22844925646514672, "(15;2)": 0.2581963752425319, "(16;2)": 0.28617554658476824, "(17;2)": 0.3036358035879722, "(18;2)": 0.318552121416221, "(19;2)": 0.34995851340502615, "(20;2)": 0.38417896391007866, "(21;2)": 0.3885263018453152, "(22;2)": 0.4114178544909293, "(23;2)": 0.43233183327271985, "(24;2)": 0.4737998950764616, "(25;2)": 0.49020438431401553, "(26;2)": 0.531727545551714, "(27;2)": 0.5462561527294425, "(28;2)": 0.5492659369821332, "(29;2)": 0.6041764498549992, "(30;2)": 0.6248408598981962, "(2;3)": 0.04576095952287004, "(3;3)": 0.09377027578028542, "(4;3)": 0.1102048307123714, "(5;3)": 0.1584346510438031, "(6;3)": 0.16781484867060956, "(7;3)": 0.18042375488864448, "(8;3)": 0.2048593934541516, "(9;3)": 0.21987831249297948, "(10;3)": 0.30384109200288395, "(11;3)": 0.34929979346928924, "(12;3)": 0.34584851771760455, "(13;3)": 0.36940838148340693, "(14;3)": 0.3833032723439947, "(15;3)": 0.3738533339156575, "(16;3)": 0.4122570837824394, "(17;3)": 0.48506180063809057, "(18;3)": 0.46868394027972576, "(19;3)": 0.5222769524653667, "(20;3)": 0.5050468385808429, "(21;3)": 0.5733291302545306, "(22;3)": 0.5762913903283292, "(23;3)": 0.5858521707634343, "(24;3)": 0.6086898664532477, "(25;3)": 0.7007460924106609, "(26;3)": 0.6558194001311933, "(27;3)": 0.7042194717248246, "(28;3)": 0.7021718030108882, "(29;3)": 0.7145638889106488, "(30;3)": 0.7648758224184324, "(2;4)": 0.08151955440869511, "(3;4)": 0.10544518551092776, "(4;4)": 0.10584710815922764, "(5;4)": 0.13386911909050345, "(6;4)": 0.1537691091407119, "(7;4)": 0.1898266433638381, "(8;4)": 0.19775727016849487, "(9;4)": 0.22330326470919368, "(10;4)": 0.2679079234976581, "(11;4)": 0.3007414115344109, "(12;4)": 0.3127285869444811, "(13;4)": 0.34702260685240166, "(14;4)": 0.36105299395824725, "(15;4)": 0.39416199385196854, "(16;4)": 0.3885637582998145, "(17;4)": 0.40332151460339266, "(18;4)": 0.4207917439848419, "(19;4)": 0.4918239398042112, "(20;4)": 0.4473192713064919, "(21;4)": 0.48691399357152637, "(22;4)": 0.5129483793209829, "(23;4)": 0.5671492086359323, "(24;4)": 0.5375292386473456, "(25;4)": 0.5446056971944844, "(26;4)": 0.5666998938959884, "(27;4)": 0.5742360169365681, "(28;4)": 0.6020649932458508, "(29;4)": 0.6130460192280173, "(30;4)": 0.629279736119311, "(2;5)": 0.04675846797953713, "(3;5)": 0.05856802352577445, "(4;5)": 0.07060700254966637, "(5;5)": 0.11520603329136295, "(6;5)": 0.1280977539056194, "(7;5)": 0.1358605126579191, "(8;5)": 0.14102864151025113, "(9;5)": 0.16383272549482272, "(10;5)": 0.17217730299420841, "(11;5)": 0.2004375552413547, "(12;5)": 0.21636769666421854, "(13;5)": 0.22247346545322855, "(14;5)": 0.22961092753516124, "(15;5)": 0.25543116196704185, "(16;5)": 0.2580696694353226, "(17;5)": 0.2908108733769542, "(18;5)": 0.2986072196394947, "(19;5)": 0.2779026939154308, "(20;5)": 0.3070373647870567, "(21;5)": 0.3142049344197748, "(22;5)": 0.31763074135396224, "(23;5)": 0.36871525249649273, "(24;5)": 0.36965556579595504, "(25;5)": 0.35263925169463284, "(26;5)": 0.37947957654329817, "(27;5)": 0.3778371063987846, "(28;5)": 0.4109577135083604, "(29;5)": 0.40284432299911627, "(30;5)": 0.431898016519719, "(2;6)": 0.05242290041434779, "(3;6)": 0.05602873410460704, "(4;6)": 0.08055746173582377, "(5;6)": 0.0920194476855503, "(6;6)": 0.10592148221789734, "(7;6)": 0.12600800226686704, "(8;6)": 0.13401468981368717, "(9;6)": 0.15914950694804855, "(10;6)": 0.15702066095080627, "(11;6)": 0.16563596904543387, "(12;6)": 0.1885886946825505, "(13;6)": 0.19627636349016356, "(14;6)": 0.20482148841205947, "(15;6)": 0.21652792059645135, "(16;6)": 0.2261219414325255, "(17;6)": 0.25191606267467354, "(18;6)": 0.2523727844064055, "(19;6)": 0.2709172588912138, "(20;6)": 0.2804768756203473, "(21;6)": 0.2849978712862633, "(22;6)": 0.29958809104157197, "(23;6)": 0.3170773043108985, "(24;6)": 0.3154676023975375, "(25;6)": 0.3273490653272136, "(26;6)": 0.3231325800887722, "(27;6)": 0.3516547817043971, "(28;6)": 0.3661824486453083, "(29;6)": 0.3826008211770877, "(30;6)": 0.3695584057908047, "Better coclustering": "(30;3)"}