{"(2;2)": 0.035175775008778984, "(3;2)": 0.04272709411374736, "(4;2)": 0.05901705686651274, "(5;2)": 0.07127335229168237, "(6;2)": 0.08625014078564232, "(7;2)": 0.10377007489260559, "(8;2)": 0.13171716342204848, "(9;2)": 0.1525305871663993, "(10;2)": 0.1737604079960217, "(11;2)": 0.19662664689525697, "(12;2)": 0.23021212983663364, "(13;2)": 0.23710332069072215, "(14;2)": 0.2728234251825118, "(15;2)": 0.2758450853004253, "(16;2)": 0.2989954685372873, "(17;2)": 0.3091533986547586, "(18;2)": 0.3461134901152156, "(19;2)": 0.3735476334899537, "(20;2)": 0.3947636861485743, "(21;2)": 0.4259607250339331, "(22;2)": 0.44140102104972573, "(23;2)": 0.4590372621529164, "(24;2)": 0.47776844961806875, "(25;2)": 0.5097078996268078, "(26;2)": 0.5352545236671556, "(27;2)": 0.5724351613745787, "(28;2)": 0.5989420478744694, "(29;2)": 0.6098436644337423, "(30;2)": 0.6304748315123163, "(2;3)": 0.021778818984021266, "(3;3)": 0.03428777167584895, "(4;3)": 0.04594845301677469, "(5;3)": 0.05321793082294278, "(6;3)": 0.0717037272106285, "(7;3)": 0.08768116196099823, "(8;3)": 0.09963262128842282, "(9;3)": 0.11500035187658211, "(10;3)": 0.12544879107521273, "(11;3)": 0.14159101170474267, "(12;3)": 0.14862845554200957, "(13;3)": 0.16637816347055767, "(14;3)": 0.18740272172218614, "(15;3)": 0.20524819970154037, "(16;3)": 0.21282675512364962, "(17;3)": 0.22489323902667133, "(18;3)": 0.2441592248518046, "(19;3)": 0.26287413994882924, "(20;3)": 0.26381391978677793, "(21;3)": 0.27925413925057924, "(22;3)": 0.295890170244553, "(23;3)": 0.3218414571697346, "(24;3)": 0.32559140989763513, "(25;3)": 0.3484656248374815, "(26;3)": 0.3582798099340858, "(27;3)": 0.3747857293556723, "(28;3)": 0.3915924536077287, "(29;3)": 0.3965217125824407, "(30;3)": 0.40872539009085385, "(2;4)": 0.020733625353023137, "(3;4)": 0.031319418156385816, "(4;4)": 0.04202623574296072, "(5;4)": 0.047651299077061476, "(6;4)": 0.055533952015590304, "(7;4)": 0.06179406293685073, "(8;4)": 0.07020686663228345, "(9;4)": 0.08480177272001645, "(10;4)": 0.096657547540731, "(11;4)": 0.10253324241440415, "(12;4)": 0.11458677935022991, "(13;4)": 0.13009396991096114, "(14;4)": 0.12981351543541375, "(15;4)": 0.1366604006537399, "(16;4)": 0.15555121060023563, "(17;4)": 0.15599586870337173, "(18;4)": 0.1763980298070495, "(19;4)": 0.1772194451743204, "(20;4)": 0.19130960383832374, "(21;4)": 0.19788850754192663, "(22;4)": 0.20334332012463546, "(23;4)": 0.22346511067424796, "(24;4)": 0.24312628492392355, "(25;4)": 0.24916173481987847, "(26;4)": 0.24979838915313335, "(27;4)": 0.25971543992821144, "(28;4)": 0.27675706263238875, "(29;4)": 0.2931882668532218, "(30;4)": 0.2992086922842769, "(2;5)": 0.025235147407977616, "(3;5)": 0.035662201014287874, "(4;5)": 0.046041155766258876, "(5;5)": 0.047836918766593094, "(6;5)": 0.05670001800081001, "(7;5)": 0.06298292297284099, "(8;5)": 0.0673773215526967, "(9;5)": 0.07325441211210597, "(10;5)": 0.08993288594822023, "(11;5)": 0.09639191154339292, "(12;5)": 0.10811820269850352, "(13;5)": 0.12678990808324447, "(14;5)": 0.13248483107372735, "(15;5)": 0.1396006426343874, "(16;5)": 0.1450228210547365, "(17;5)": 0.16156270495547573, "(18;5)": 0.17126736886306895, "(19;5)": 0.17210772620387527, "(20;5)": 0.19355613727309842, "(21;5)": 0.20234069379978503, "(22;5)": 0.19760471077590333, "(23;5)": 0.2226235922123429, "(24;5)": 0.23597495021559622, "(25;5)": 0.2500107018551299, "(26;5)": 0.24291957911552914, "(27;5)": 0.2567603216181085, "(28;5)": 0.2710514917208471, "(29;5)": 0.2763100956154189, "(30;5)": 0.28585002457774034, "(2;6)": 0.02190780691052246, "(3;6)": 0.0329056741076161, "(4;6)": 0.043169388182134574, "(5;6)": 0.04857481165117958, "(6;6)": 0.05397998404980257, "(7;6)": 0.05956854980880721, "(8;6)": 0.07375971792720577, "(9;6)": 0.08170795638198541, "(10;6)": 0.08638939832479035, "(11;6)": 0.0918305581750145, "(12;6)": 0.10451211004341056, "(13;6)": 0.10400694810896796, "(14;6)": 0.12133869590882679, "(15;6)": 0.139606997179383, "(16;6)": 0.13272857937719265, "(17;6)": 0.15347682182098324, "(18;6)": 0.15619997876760766, "(19;6)": 0.1470945764384141, "(20;6)": 0.1503549200805578, "(21;6)": 0.1798201280137789, "(22;6)": 0.18345201291626448, "(23;6)": 0.1912505144681176, "(24;6)": 0.19748424690280492, "(25;6)": 0.20474458041987145, "(26;6)": 0.21149792103177986, "(27;6)": 0.22519524478536018, "(28;6)": 0.22158593029151774, "(29;6)": 0.23617045897881286, "(30;6)": 0.240063060909694, "Better coclustering": "(30;2)"}