{"(2;2)": 0.19935331215861815, "(3;2)": 0.24682004390021797, "(4;2)": 0.291986941646229, "(5;2)": 0.49860030695686147, "(6;2)": 0.5989321906007175, "(7;2)": 0.6729844058158897, "(8;2)": 0.7266331845410344, "(9;2)": 0.7879243405199927, "(10;2)": 0.85466247118441, "(11;2)": 0.9202788152022261, "(12;2)": 0.9209177756550323, "(13;2)": 0.926338901980984, "(14;2)": 1.0357335812594195, "(15;2)": 1.1126752960952415, "(16;2)": 1.162976511113894, "(17;2)": 1.1600158664295377, "(18;2)": 1.2088932239170582, "(19;2)": 1.2799451862384328, "(20;2)": 1.3450174558223866, "(21;2)": 1.4436912694108432, "(22;2)": 1.4511457682549744, "(23;2)": 1.444617722461856, "(24;2)": 1.5090671637267634, "(25;2)": 1.5134851711885595, "(26;2)": 1.518576235440516, "(27;2)": 1.5962509679572328, "(28;2)": 1.6624269491225783, "(29;2)": 1.6317651648632325, "(30;2)": 1.701832067459665, "(2;3)": 0.22941458398404357, "(3;3)": 0.2267690709999093, "(4;3)": 0.1690923723334434, "(5;3)": 0.2262446875341972, "(6;3)": 0.2782834686632669, "(7;3)": 0.3241954301801415, "(8;3)": 0.3830564360822225, "(9;3)": 0.36235696734753975, "(10;3)": 0.4199356754000289, "(11;3)": 0.47930426374716056, "(12;3)": 0.5110556638370445, "(13;3)": 0.5122252388291814, "(14;3)": 0.5728075642486052, "(15;3)": 0.6117863791640669, "(16;3)": 0.5835016648362176, "(17;3)": 0.6405772025356069, "(18;3)": 0.6796675785072583, "(19;3)": 0.6786361718901641, "(20;3)": 0.7059363367216943, "(21;3)": 0.7029720191964891, "(22;3)": 0.7827597892903314, "(23;3)": 0.7567693587782786, "(24;3)": 0.8274354932906394, "(25;3)": 0.836750802466834, "(26;3)": 0.8500735890843574, "(27;3)": 0.858875627427268, "(28;3)": 0.9129612135199954, "(29;3)": 0.9397586674864995, "(30;3)": 0.9658978172617573, "(2;4)": 0.16173483156695473, "(3;4)": 0.2173944704828854, "(4;4)": 0.255373164153022, "(5;4)": 0.2242791828355593, "(6;4)": 0.28081704933853235, "(7;4)": 0.2913137565698843, "(8;4)": 0.3026531977725557, "(9;4)": 0.3446096427891479, "(10;4)": 0.3669803139808986, "(11;4)": 0.37194717243111247, "(12;4)": 0.3850702930696397, "(13;4)": 0.4038013721399693, "(14;4)": 0.4265106398515914, "(15;4)": 0.4598836089575665, "(16;4)": 0.48343983571613103, "(17;4)": 0.5024584635236501, "(18;4)": 0.5333712083142227, "(19;4)": 0.5689945593319368, "(20;4)": 0.5631263306882223, "(21;4)": 0.5813809985354236, "(22;4)": 0.615175138638341, "(23;4)": 0.6141085780328066, "(24;4)": 0.633921387209244, "(25;4)": 0.6711697389991697, "(26;4)": 0.6809387491161614, "(27;4)": 0.7166217149274955, "(28;4)": 0.7213997035998947, "(29;4)": 0.737792174521406, "(30;4)": 0.7512974800442794, "(2;5)": 0.09750797978565018, "(3;5)": 0.13881361588194116, "(4;5)": 0.1622125694975789, "(5;5)": 0.1965536983643123, "(6;5)": 0.22452775669322333, "(7;5)": 0.25482130148690174, "(8;5)": 0.2649104292758296, "(9;5)": 0.28565555404895543, "(10;5)": 0.30070236973720893, "(11;5)": 0.3261770511708235, "(12;5)": 0.33657433736560444, "(13;5)": 0.3634070995793921, "(14;5)": 0.37816018196102713, "(15;5)": 0.403309805804873, "(16;5)": 0.42415691550439344, "(17;5)": 0.41897484456325595, "(18;5)": 0.4487675662673359, "(19;5)": 0.46007796117492056, "(20;5)": 0.48881347704290457, "(21;5)": 0.5127696423781214, "(22;5)": 0.5155599037313875, "(23;5)": 0.5155006380854633, "(24;5)": 0.5318655255837351, "(25;5)": 0.5591519411627651, "(26;5)": 0.5627391187773052, "(27;5)": 0.5860685074083563, "(28;5)": 0.589526670335527, "(29;5)": 0.5992149573526463, "(30;5)": 0.6251681661305746, "(2;6)": 0.08005634548527134, "(3;6)": 0.10758480601891929, "(4;6)": 0.13774568568777118, "(5;6)": 0.1647909831369918, "(6;6)": 0.19158536145566063, "(7;6)": 0.20441057775374588, "(8;6)": 0.21594834849340078, "(9;6)": 0.24228109653265945, "(10;6)": 0.2567931632880579, "(11;6)": 0.27865292832192984, "(12;6)": 0.28643474818728903, "(13;6)": 0.3010147134971317, "(14;6)": 0.31261827171303735, "(15;6)": 0.3263605624507513, "(16;6)": 0.3343460613735592, "(17;6)": 0.3457711431870992, "(18;6)": 0.35778892524628647, "(19;6)": 0.37515704345057477, "(20;6)": 0.3831866924714479, "(21;6)": 0.4073147571294363, "(22;6)": 0.4072359244996943, "(23;6)": 0.42116938638241774, "(24;6)": 0.426911861013567, "(25;6)": 0.44042573020986586, "(26;6)": 0.4587657162553204, "(27;6)": 0.4590407782463661, "(28;6)": 0.47128396544514356, "(29;6)": 0.49280795963094504, "(30;6)": 0.4920611194280202, "Better coclustering": "(30;2)"}