{"(2;2)": 0.12562571800651912, "(3;2)": 0.15458535836563878, "(4;2)": 0.18961694750283412, "(5;2)": 0.21087537435348286, "(6;2)": 0.29457421565037545, "(7;2)": 0.319531190500361, "(8;2)": 0.3634978845078439, "(9;2)": 0.3750611773522543, "(10;2)": 0.4647838617990099, "(11;2)": 0.5303636926326301, "(12;2)": 0.6020009341850119, "(13;2)": 0.5843277259031001, "(14;2)": 0.6728025496106976, "(15;2)": 0.6779769826804111, "(16;2)": 0.8176565434460176, "(17;2)": 0.8117901245231047, "(18;2)": 0.8150713837668411, "(19;2)": 0.8746974673914908, "(20;2)": 0.9095212789316529, "(21;2)": 0.9480079994963927, "(22;2)": 1.0616596428743859, "(23;2)": 1.051342668881561, "(24;2)": 1.0679634046098427, "(25;2)": 1.1596220630467033, "(26;2)": 1.1747093512377345, "(27;2)": 1.1805001261420953, "(28;2)": 1.191144423473401, "(29;2)": 1.2968309664197524, "(30;2)": 1.2725744686921028, "(2;3)": 0.1856637681152162, "(3;3)": 0.2652446164975275, "(4;3)": 0.3105497542739118, "(5;3)": 0.3554413929778838, "(6;3)": 0.4882486207084272, "(7;3)": 0.42960784776399874, "(8;3)": 0.47266794711844456, "(9;3)": 0.5263162576822037, "(10;3)": 0.5423148353771619, "(11;3)": 0.5779857388601419, "(12;3)": 0.590753505866305, "(13;3)": 0.6406783047784805, "(14;3)": 0.6712125872185467, "(15;3)": 0.7199512975426806, "(16;3)": 0.7183358058864915, "(17;3)": 0.7610759358251605, "(18;3)": 0.7905953427159382, "(19;3)": 0.8785095336124399, "(20;3)": 0.8752981910198178, "(21;3)": 0.9097455735606723, "(22;3)": 0.9496092460450928, "(23;3)": 0.934217886291108, "(24;3)": 0.9633886109363936, "(25;3)": 1.0405959250895376, "(26;3)": 1.0263505915756872, "(27;3)": 1.064034172483994, "(28;3)": 1.0896233847398693, "(29;3)": 1.115837573285734, "(30;3)": 1.1603410992100809, "(2;4)": 0.15099567980232817, "(3;4)": 0.18583697426455337, "(4;4)": 0.2278036643525601, "(5;4)": 0.21634040558330248, "(6;4)": 0.25013138548290126, "(7;4)": 0.2812571555190793, "(8;4)": 0.31268524760303584, "(9;4)": 0.3481527971095674, "(10;4)": 0.3711099454904403, "(11;4)": 0.42180582806493633, "(12;4)": 0.4470415550124501, "(13;4)": 0.487576987513202, "(14;4)": 0.5018321453772877, "(15;4)": 0.5179613638341065, "(16;4)": 0.5357683719482279, "(17;4)": 0.5791676623976154, "(18;4)": 0.5754869666130813, "(19;4)": 0.5920997306209878, "(20;4)": 0.6109219718552692, "(21;4)": 0.6387475096557601, "(22;4)": 0.6733584197353426, "(23;4)": 0.6484006292777804, "(24;4)": 0.6974968264995859, "(25;4)": 0.6917009561358823, "(26;4)": 0.6970332715894563, "(27;4)": 0.7522305344839194, "(28;4)": 0.7568227592634615, "(29;4)": 0.7741981188917755, "(30;4)": 0.7900155981904972, "(2;5)": 0.09424412658145462, "(3;5)": 0.12502481928557688, "(4;5)": 0.14989026660765947, "(5;5)": 0.18413313005159632, "(6;5)": 0.2100577613932622, "(7;5)": 0.23309976148814657, "(8;5)": 0.2494972938198581, "(9;5)": 0.2780117546736542, "(10;5)": 0.29769404481963735, "(11;5)": 0.3175557777416456, "(12;5)": 0.3403748581537936, "(13;5)": 0.35297421214916275, "(14;5)": 0.3802968257587558, "(15;5)": 0.39230534675092427, "(16;5)": 0.40884694344484596, "(17;5)": 0.4284006212387299, "(18;5)": 0.43909467146550374, "(19;5)": 0.4598127320152841, "(20;5)": 0.47400807533141154, "(21;5)": 0.4771054811064026, "(22;5)": 0.49877597776371246, "(23;5)": 0.503891970760968, "(24;5)": 0.5064477763359028, "(25;5)": 0.5118839115742471, "(26;5)": 0.5541601750323342, "(27;5)": 0.5498994892322903, "(28;5)": 0.5585294145973414, "(29;5)": 0.5793461060917692, "(30;5)": 0.601421147175152, "(2;6)": 0.0888218154408687, "(3;6)": 0.10575291098190107, "(4;6)": 0.13481059427064934, "(5;6)": 0.1540845061853342, "(6;6)": 0.16650844861247927, "(7;6)": 0.185364859520357, "(8;6)": 0.19418355005728966, "(9;6)": 0.21568171023182098, "(10;6)": 0.22547284543517418, "(11;6)": 0.24255193436267827, "(12;6)": 0.24282949975231488, "(13;6)": 0.261499853821579, "(14;6)": 0.2766181773463615, "(15;6)": 0.2858957564953158, "(16;6)": 0.32196493766437784, "(17;6)": 0.3201353141086297, "(18;6)": 0.33766576059133535, "(19;6)": 0.34854347124055957, "(20;6)": 0.35870973879205525, "(21;6)": 0.3634475082198374, "(22;6)": 0.37640186072446746, "(23;6)": 0.39505531489094065, "(24;6)": 0.4137836997979775, "(25;6)": 0.40560490439313207, "(26;6)": 0.43150538356502693, "(27;6)": 0.43911866789478604, "(28;6)": 0.44395681873530796, "(29;6)": 0.4515873536994447, "(30;6)": 0.46311814788439765, "Better coclustering": "(29;2)"}